Id,Name,Link,DefaultPrice,PriceWithCard,ProductRating,CountOfComments,CountOfQuestions,Article,Type,PartNumber,Color,Country,Transport,TypeOfControl,Scale,ActionRadius,Peculiarities
0,"Комплект усиленных амортизаторов (2шт. перед + 2шт. зад) для моделей 1/10, 1/8",https://www.ozon.ru/product/komplekt-usilennyh-amortizatorov-2sht-pered-2sht-zad-dlya-modeley-1-10-1-8-1486172218/?asb=Dfs3d1b7ThDdWmGPS7owqHcprGmrVc0GnydiaT1uu1k%253D&asb2=jGlwfZgUK5QCJzzOwjfvehFIqDOgYy1tvofl3qZeAj9YKgJ969KB1HJ7wFDOiDNUfx2O-ojGk9zzXr_sZM44iw&avtc=1&avte=4&avts=1734856515&keywords=%D0%90%D0%BC%D0%BE%D1%80%D1%82%D0%B8%D0%B7%D0%B0%D1%82%D0%BE%D1%80%D1%8B+%D0%B0%D0%BB%D1%8E%D0%BC%D0%B8%D0%BD%D0%B8%D0%B5%D0%B2%D1%8B%D0%B5+%D0%B4%D0%BB%D1%8F+Remo+Hobby,2 109 ₽,1 986 ₽,4.8,100,26,1486172218,Запчасть для радиоуправляемых моделей,A195-X-Blue,Синий,,,,,,
1,"Амортизаторы с внутренней пружиной для Remo Hobby 1/16 (Smax, S-Evor, Rocket, Dingo)",https://www.ozon.ru/product/amortizatory-s-vnutrenney-pruzhinoy-dlya-remo-hobby-1-16-smax-s-evor-rocket-dingo-1130890601/?asb=U7gsJEDa%252Fw7lkI%252FSA15fs6K%252Bt%252F2lpvjClwAB8dCK8z0%253D&asb2=tKlqiuTztniLz9eMbGbZUfq29S6HWPlD9uyixIp-12shV9nv9Pcq-KDMlJzFrLXI27rI4Iya3vQKzUIXeVWzBg&avtc=1&avte=4&avts=1734856502&keywords=%D0%90%D0%BC%D0%BE%D1%80%D1%82%D0%B8%D0%B7%D0%B0%D1%82%D0%BE%D1%80%D1%8B+%D0%B0%D0%BB%D1%8E%D0%BC%D0%B8%D0%BD%D0%B8%D0%B5%D0%B2%D1%8B%D0%B5+%D0%B4%D0%BB%D1%8F+Remo+Hobby,797 ₽,750 ₽,4.8,159,29,1130890601,Запчасть для радиоуправляемых моделей,A6955-TOP-Blue,"Синий, ",Россия,,,,,
2,"Амортизаторы с внутренней пружиной (4шт + масло) для Remo Hobby 1/16 (Smax, S-Evor, Rocket, Dingo)",https://www.ozon.ru/product/amortizatory-s-vnutrenney-pruzhinoy-4sht-maslo-dlya-remo-hobby-1-16-smax-s-evor-rocket-dingo-1731286188/?asb=a4fqYupYChxB%252FiTbWMuiHr%252B4BUPsJeCFuz%252BVIiJ2Zug%253D&asb2=YWwTac7TNf6eBlOSMuOiO6iZak7Pmttg5yl2-FhWDvbEMvSbtmLJ2-MVtSlp8PpchshgpsyfWoWMW5PhqZdiHg&avtc=1&avte=4&avts=1734856502&keywords=%D0%90%D0%BC%D0%BE%D1%80%D1%82%D0%B8%D0%B7%D0%B0%D1%82%D0%BE%D1%80%D1%8B+%D0%B0%D0%BB%D1%8E%D0%BC%D0%B8%D0%BD%D0%B8%D0%B5%D0%B2%D1%8B%D0%B5+%D0%B4%D0%BB%D1%8F+Remo+Hobby,1 632 ₽,1 543 ₽,4.8,204,23,1731286188,Запчасть для радиоуправляемых моделей,A6955-TOP-4-Titan,"Серебристый, ",Россия,,,,,
3,Машинка радиоуправляемая,https://www.ozon.ru/product/mashinka-radioupravlyaemaya-1724584893/?asb=ExnInGahWCrUDcx2BB4CiI8q3whmmd0a81mnFTfgnZs%253D&asb2=MY5QnsLRSUNCfniEFJUD0slu6MPIql4uBPJxGHaVJBvzHEcsJcBByhHzoo5mqVYvnnJWXnVo0WDJqYxiGomr2A&avtc=1&avte=4&avts=1734856559&keywords=%D0%90%D0%BC%D0%BE%D1%80%D1%82%D0%B8%D0%B7%D0%B0%D1%82%D0%BE%D1%80%D1%8B+%D0%B0%D0%BB%D1%8E%D0%BC%D0%B8%D0%BD%D0%B8%D0%B5%D0%B2%D1%8B%D0%B5+%D0%B4%D0%BB%D1%8F+Remo+Hobby,18 087 ₽,17 577 ₽,,,,1724584893,Машинка радиоуправляемая,,,,Масштабные модели,Пульт Д/У,1/16,150,
4,"Стойка амортизаторов передняя алюминиевая для Remo Hobby 1/8 (9emu, Dinosaurs, Evo-R)",https://www.ozon.ru/product/stoyka-amortizatorov-perednyaya-alyuminievaya-dlya-remo-hobby-1-8-9emu-dinosaurs-evo-r-979642336/?asb=UGGnpAjnm3cmjLadTJN7pe8tTSrVdveDbie7%252B1Iwmzs%253D&asb2=xZJBxJqT98FmLTbuzkuT4S4WyJGjQ129Kb9jmky1_EN-uzJnFItZ7ni_vHxVglPLub5M3S3t55YI8OkiNCRFhg&avtc=1&avte=4&avts=1734856505&keywords=%D0%90%D0%BC%D0%BE%D1%80%D1%82%D0%B8%D0%B7%D0%B0%D1%82%D0%BE%D1%80%D1%8B+%D0%B0%D0%BB%D1%8E%D0%BC%D0%B8%D0%BD%D0%B8%D0%B5%D0%B2%D1%8B%D0%B5+%D0%B4%D0%BB%D1%8F+Remo+Hobby,1 320 ₽,1 243 ₽,4.8,11,1,979642336,Запчасть для радиоуправляемых моделей,A2023-Blue,Синий,,,,,,
5,"Радиоуправляемая машина монстр Remo Hobby Smax 4WD RH1631 Red, масштаб 1:16, 29 см, Красный / детская машинка на пульте управления",https://www.ozon.ru/product/radioupravlyaemaya-mashina-monstr-remo-hobby-smax-4wd-rh1631-red-masshtab-1-16-29-sm-1579979189/?asb=cyNoaPrkyQrDPuyjlNrfoXg13%252BJCubrwnNKxakbrIPo%253D&asb2=sOFs9z1cyYphgnTvkwepCeh5b2S0wXgY7lbTE9ObKt_jPwVMppsJt5iCh2pg9GvSJ2sGtsGjw7m33NuRD_-_Zw&avtc=1&avte=4&avts=1734856559&keywords=%D0%90%D0%BC%D0%BE%D1%80%D1%82%D0%B8%D0%B7%D0%B0%D1%82%D0%BE%D1%80%D1%8B+%D0%B0%D0%BB%D1%8E%D0%BC%D0%B8%D0%BD%D0%B8%D0%B5%D0%B2%D1%8B%D0%B5+%D0%B4%D0%BB%D1%8F+Remo+Hobby,11 474 ₽,11 151 ₽,,,,1579979189,Машинка радиоуправляемая,,,,Масштабные модели,Пульт Д/У,1/16,,Световые эффекты
6,Стойка крепления передних амортизаторов для багги 1/8,https://www.ozon.ru/product/stoyka-krepleniya-perednih-amortizatorov-dlya-baggi-1-8-1222258396/?asb=ZTDwRbEM1Uztg0fA%252FnV6OFXnveKMkxHtE1mfHsdRYNc%253D&asb2=P2qFX4g82QApZIOWisNtQPYpZ6frZRoetiqsnbn3SwKwShce3dmKeah_6xxLwVq7ZWi9Nk2NyJd-81NhIVlWnw&avtc=1&avte=4&avts=1734856546&keywords=%D0%90%D0%BC%D0%BE%D1%80%D1%82%D0%B8%D0%B7%D0%B0%D1%82%D0%BE%D1%80%D1%8B+%D0%B0%D0%BB%D1%8E%D0%BC%D0%B8%D0%BD%D0%B8%D0%B5%D0%B2%D1%8B%D0%B5+%D0%B4%D0%BB%D1%8F+Remo+Hobby,686 ₽,639 ₽,,,,1222258396,Запчасть для радиоуправляемых моделей,,,,,,,,
7,"Усиленные алюминиевые амортизаторы задние для моделей 1/10, 1/8",https://www.ozon.ru/product/usilennye-alyuminievye-amortizatory-zadnie-dlya-modeley-1-10-1-8-880532900/?asb=qwvjnQPX%252BAKIs%252F1lwc0RfNNL46aJBfj98FgQWw4FR8E%253D&asb2=8lPYhz9z_mfuFM-bIWFSVNB6tkae_Lj1utZg6FhDVWjGEGUyhKmeBfWgXgZ0jfrany6rvuBqOzcIUwI1M5KopQ&avtc=1&avte=4&avts=1734856515&keywords=%D0%90%D0%BC%D0%BE%D1%80%D1%82%D0%B8%D0%B7%D0%B0%D1%82%D0%BE%D1%80%D1%8B+%D0%B0%D0%BB%D1%8E%D0%BC%D0%B8%D0%BD%D0%B8%D0%B5%D0%B2%D1%8B%D0%B5+%D0%B4%D0%BB%D1%8F+Remo+Hobby,1 133 ₽,1 067 ₽,4.8,100,26,880532900,Запчасть для радиоуправляемых моделей,A1952-X-Blue,"Синий, ",,,,,,
8,"Амортизаторы алюминиевые титановые для Remo Hobby 1/16 (Smax, S-Evor, Rocket, Dingo)",https://www.ozon.ru/product/amortizatory-alyuminievye-titanovye-dlya-remo-hobby-1-16-smax-s-evor-rocket-dingo-880533456/?asb=0hYP6LgEORauIp9bCnoI8siBcLXPb5z1F1bNWh9c5Ts%253D&asb2=-EX4YFtoLEIZ8XAGWGH5SBXNNOVJknynQIyS7ZqnmjtduIlwq2iCRhIR1ZiMcjOCFyxXlkWZ4ctmpgeU3Zm7OQ&avtc=1&avte=4&avts=1734856499&keywords=%D0%90%D0%BC%D0%BE%D1%80%D1%82%D0%B8%D0%B7%D0%B0%D1%82%D0%BE%D1%80%D1%8B+%D0%B0%D0%BB%D1%8E%D0%BC%D0%B8%D0%BD%D0%B8%D0%B5%D0%B2%D1%8B%D0%B5+%D0%B4%D0%BB%D1%8F+Remo+Hobby,763 ₽,719 ₽,4.8,159,29,880533456,Запчасть для радиоуправляемых моделей,A6955-Titan,Серебристый,,,,,,
9,"Амортизаторы с внутренней пружиной для Remo Hobby 1/16 (Smax, S-Evor, Rocket, Dingo)",https://www.ozon.ru/product/amortizatory-s-vnutrenney-pruzhinoy-dlya-remo-hobby-1-16-smax-s-evor-rocket-dingo-1130880897/?asb=ifHWB77rKmQRAewyTgdifO2nZcpTaWRNXgkbeduerwQ%253D&asb2=MWxNDX7nF76Qpu33M-7WWnhblxJpPgAi6Kp8YA4pmR0rj5v_WAVcvchvMZz7L1ho1xW_Ypu3lV9URota7JxIdg&avtc=1&avte=4&avts=1734856502&keywords=%D0%90%D0%BC%D0%BE%D1%80%D1%82%D0%B8%D0%B7%D0%B0%D1%82%D0%BE%D1%80%D1%8B+%D0%B0%D0%BB%D1%8E%D0%BC%D0%B8%D0%BD%D0%B8%D0%B5%D0%B2%D1%8B%D0%B5+%D0%B4%D0%BB%D1%8F+Remo+Hobby,812 ₽,768 ₽,4.8,204,23,1130880897,Запчасть для радиоуправляемых моделей,A6955-TOP-Red,"Красный, ",Россия,,,,,
10,Стойка крепления передних амортизаторов для багги 1/8 Remo Hobby A4012,https://www.ozon.ru/product/stoyka-krepleniya-perednih-amortizatorov-dlya-baggi-1-8-remo-hobby-a4012-285207180/?asb=%252FM2xGykVjXACrmcIHkwoFddE9tesTA0pWp%252FESmWBDXw%253D&asb2=iLeMFRFmYBVM32xAwy6hI_tKmZjAZHBRm7IbSQw2D9Z51eAFg6uK4AAupuUiQS0NPlEXBi8O86xIpeQq3YaIIQ&avtc=1&avte=4&avts=1734856529&keywords=%D0%90%D0%BC%D0%BE%D1%80%D1%82%D0%B8%D0%B7%D0%B0%D1%82%D0%BE%D1%80%D1%8B+%D0%B0%D0%BB%D1%8E%D0%BC%D0%B8%D0%BD%D0%B8%D0%B5%D0%B2%D1%8B%D0%B5+%D0%B4%D0%BB%D1%8F+Remo+Hobby,764 ₽,713 ₽,,,,285207180,Запчасть для радиоуправляемых моделей,,,,,,,,
11,"Амортизаторы алюминиевые (4 шт+ масло) для Remo Hobby 1/16 (Smax, S-Evor, Rocket, Dingo)",https://www.ozon.ru/product/amortizatory-alyuminievye-4-sht-maslo-dlya-remo-hobby-1-16-smax-s-evor-rocket-dingo-1673739968/?asb=DuffJAY0ZRpJzxqgD8P7pFMz8OBmkKYkmdGrErpSt8s%253D&asb2=yMOfDftMCs3YP9-cu7hthfuvlKC1Axca4sIsPQjjcHjWDt5IaZgr8Cuvz24Mevhf-31hm_j6wEZnh69dWE78Ng&avtc=1&avte=4&avts=1734856499&keywords=%D0%90%D0%BC%D0%BE%D1%80%D1%82%D0%B8%D0%B7%D0%B0%D1%82%D0%BE%D1%80%D1%8B+%D0%B0%D0%BB%D1%8E%D0%BC%D0%B8%D0%BD%D0%B8%D0%B5%D0%B2%D1%8B%D0%B5+%D0%B4%D0%BB%D1%8F+Remo+Hobby,1 563 ₽,1 471 ₽,4.8,159,29,1673739968,Запчасть для радиоуправляемых моделей,A6955-4-Blue,"Синий, ",Россия,,,,,
12,"Амортизаторы алюминиевые усиленные красные для Remo Hobby 1/16, Smax, S-Evor, Rocket, Dingo, P6955",https://www.ozon.ru/product/amortizatory-alyuminievye-usilennye-krasnye-dlya-remo-hobby-1-16-smax-s-evor-rocket-dingo-p6955-844162413/?asb=vyDxYtAYBcyqtBFzJ0JbReL4LHuiduR%252Bn1K8STp%252F6sQ%253D&asb2=MFl0NikSosnUBVThmfh9LZN-rzAfKCVVpi1m8jTTSN-pvvVxhNt4Ux_AaLe7WadP_rBl2ZKJU6vCkjIchcud4A&avtc=1&avte=4&avts=1734856505&keywords=%D0%90%D0%BC%D0%BE%D1%80%D1%82%D0%B8%D0%B7%D0%B0%D1%82%D0%BE%D1%80%D1%8B+%D0%B0%D0%BB%D1%8E%D0%BC%D0%B8%D0%BD%D0%B8%D0%B5%D0%B2%D1%8B%D0%B5+%D0%B4%D0%BB%D1%8F+Remo+Hobby,1 257 ₽,1 171 ₽,4.8,41,11,844162413,Запчасть для радиоуправляемых моделей,,Красный,Россия,,,,,
13,"Амортизаторы передние алюминиевые синие для Remo Hobby 1/10 (Mmax, EX3)",https://www.ozon.ru/product/amortizatory-perednie-alyuminievye-sinie-dlya-remo-hobby-1-10-mmax-ex3-880529969/?asb=5LL2L%252BBJUCI0nAXaTS7n20%252FnCmsTGc1ADNBrZIO0hBc%253D&asb2=O7_k5bLFOoXsIc2bq_WGEoXPNBPce_stdDpQ8z2SV13XnEe3qouJ6pXnl_qSLp8SXIeKX9qXV2nw1sv1dYskng&avtc=1&avte=4&avts=1734856507&keywords=%D0%90%D0%BC%D0%BE%D1%80%D1%82%D0%B8%D0%B7%D0%B0%D1%82%D0%BE%D1%80%D1%8B+%D0%B0%D0%BB%D1%8E%D0%BC%D0%B8%D0%BD%D0%B8%D0%B5%D0%B2%D1%8B%D0%B5+%D0%B4%D0%BB%D1%8F+Remo+Hobby,852 ₽,802 ₽,4.5,37,2,880529969,Запчасть для радиоуправляемых моделей,M1951-Blue,Синий,,,,,,
14,"Алюминиевый комплект тюнинга LUXURY-V2 синий для Remo Hobby 1/16, Smax, S-Evor, Rocket, Dingo",https://www.ozon.ru/product/alyuminievyy-komplekt-tyuninga-luxury-v2-siniy-dlya-remo-hobby-1-16-smax-s-evor-rocket-dingo-774376558/?asb=y2%252BIciXplm9Bv0nHXAJU3%252Fkxr33Iy6dpOqrqVd0jqEM%253D&asb2=qtu9m8DtmdIExTaXpIhtDeJ10uZAywpKs0irqP351kkk_QlXeg_beLKzaWLVSH8x-nGQhaunIA1U06DNDm09wA&avtc=1&avte=4&avts=1734856529&keywords=%D0%90%D0%BC%D0%BE%D1%80%D1%82%D0%B8%D0%B7%D0%B0%D1%82%D0%BE%D1%80%D1%8B+%D0%B0%D0%BB%D1%8E%D0%BC%D0%B8%D0%BD%D0%B8%D0%B5%D0%B2%D1%8B%D0%B5+%D0%B4%D0%BB%D1%8F+Remo+Hobby,6 765 ₽,6 396 ₽,4.8,486,26,774376558,Запчасть для радиоуправляемых моделей,A1631-LUX-Blue-V2,"Синий, ",,,,,,
15,A3963 Алюминиевые задние амортизаторы для моделей Remo Hobby 1/8,https://www.ozon.ru/product/a3963-alyuminievye-zadnie-amortizatory-dlya-modeley-remo-hobby-1-8-1394679625/?asb=ltcFEApXp%252F5dtIZnvn5NLrmiENpOz5aIfkyKTAda2H4%253D&asb2=HVB0L4r4lipsHzwf_A6vaA6HXGwtn3TiWCpJR4dtye8gb146LrEGjpme5GHvcm-uWLUOXOoP-AmWRtHy5w79iA&avtc=1&avte=4&avts=1734856519&keywords=%D0%90%D0%BC%D0%BE%D1%80%D1%82%D0%B8%D0%B7%D0%B0%D1%82%D0%BE%D1%80%D1%8B+%D0%B0%D0%BB%D1%8E%D0%BC%D0%B8%D0%BD%D0%B8%D0%B5%D0%B2%D1%8B%D0%B5+%D0%B4%D0%BB%D1%8F+Remo+Hobby,1 474 ₽,1 373 ₽,,,,1394679625,Игрушка радиоуправляемая,,,,,,,,
16,"Нержавеющее стальное усиление деки V2 для Remo Hobby 1/16 (Smax, S-Evor, Rocket, Dingo)",https://www.ozon.ru/product/nerzhaveyushchee-stalnoe-usilenie-deki-v2-dlya-remo-hobby-1-16-smax-s-evor-rocket-dingo-880531040/?asb=3%252B1flrI%252F9Y%252BB3OHaDMeBmfJIO%252FvHW5vMSqRY0SEWw5A%253D&asb2=GC5lDfc1fjWCWvUVRFdL4u3stnzqCw8uZvHSoO0-dG-BTP9Qti2IhvRyOJgHd40Ib05bKUr1nYDYacXHI8dtnQ&avtc=1&avte=4&avts=1734856505&keywords=%D0%90%D0%BC%D0%BE%D1%80%D1%82%D0%B8%D0%B7%D0%B0%D1%82%D0%BE%D1%80%D1%8B+%D0%B0%D0%BB%D1%8E%D0%BC%D0%B8%D0%BD%D0%B8%D0%B5%D0%B2%D1%8B%D0%B5+%D0%B4%D0%BB%D1%8F+Remo+Hobby,579 ₽,545 ₽,4.9,287,28,880531040,Запчасть для радиоуправляемых моделей,S2562,"Фиолетовый, ",Россия,,,,,
17,"Амортизаторы задние алюминиевые черные для Remo Hobby 1/10 (Mmax, EX3)",https://www.ozon.ru/product/amortizatory-zadnie-alyuminievye-chernye-dlya-remo-hobby-1-10-mmax-ex3-747170332/?asb=tuYlSLN1gkcAHRgF%252F1u5wV7qpmdWcJdzUK7tWcdI67g%253D&asb2=UW3BWjI7U4Y4t1WHhMSDEIiM_GU8YpaaIqE-OFAk0r7AyUtu5j_uAtL5jznsCX-v4ihUB3sTrN9cVAN2CtdFdw&avtc=1&avte=4&avts=1734856529&keywords=%D0%90%D0%BC%D0%BE%D1%80%D1%82%D0%B8%D0%B7%D0%B0%D1%82%D0%BE%D1%80%D1%8B+%D0%B0%D0%BB%D1%8E%D0%BC%D0%B8%D0%BD%D0%B8%D0%B5%D0%B2%D1%8B%D0%B5+%D0%B4%D0%BB%D1%8F+Remo+Hobby,868 ₽,820 ₽,2.7,11,6,747170332,Запчасть для радиоуправляемых моделей,M1952-Black,Черный,,,,,,
18,"Амортизаторы алюминиевые (4 шт+ масло) для Remo Hobby 1/16 (Smax, S-Evor, Rocket, Dingo)",https://www.ozon.ru/product/amortizatory-alyuminievye-4-sht-maslo-dlya-remo-hobby-1-16-smax-s-evor-rocket-dingo-1673735883/?asb=uOPwgop1qE4OlRUbsvNEMUXW9LivZC0aRsQvxe8kEVU%253D&asb2=S96fMC1ARX24367pF1-JJ7ufAPrCJVpcV2KFZy_y-0zoAB4oCVTeobd-3-RzUmt2HSr-CpbN58yxjC09jnLHVg&avtc=1&avte=4&avts=1734856499&keywords=%D0%90%D0%BC%D0%BE%D1%80%D1%82%D0%B8%D0%B7%D0%B0%D1%82%D0%BE%D1%80%D1%8B+%D0%B0%D0%BB%D1%8E%D0%BC%D0%B8%D0%BD%D0%B8%D0%B5%D0%B2%D1%8B%D0%B5+%D0%B4%D0%BB%D1%8F+Remo+Hobby,1 592 ₽,1 505 ₽,4.8,204,23,1673735883,Запчасть для радиоуправляемых моделей,A6955-4-Blue,"Синий, ",Россия,,,,,
19,"Амортизаторы передней оси задние для Монстра 1/8, 2шт., алюминий",https://www.ozon.ru/product/amortizatory-peredney-osi-zadnie-dlya-monstra-1-8-2sht-alyuminiy-583304656/?asb=08771Mh%252BJHbJQ0m0CZMW9hW6O63rE1wnoQOSPnsOucY%253D&asb2=ncb9Pj8HrzLruVjxHlufF3GXIjQ3PdChFZ12JDoQyY884JafmwZ_F8zbH2Km5IyKmV7doYcO9NxWvIyclZxqgw&avtc=1&avte=4&avts=1734856540&keywords=%D0%90%D0%BC%D0%BE%D1%80%D1%82%D0%B8%D0%B7%D0%B0%D1%82%D0%BE%D1%80%D1%8B+%D0%B0%D0%BB%D1%8E%D0%BC%D0%B8%D0%BD%D0%B8%D0%B5%D0%B2%D1%8B%D0%B5+%D0%B4%D0%BB%D1%8F+Remo+Hobby,1 408 ₽,1 312 ₽,,,,583304656,Запчасть для радиоуправляемых моделей,,,,,,,,
20,"Передние амортизаторы для Remo Hobby 1/10, алюминий, красные A1951",https://www.ozon.ru/product/perednie-amortizatory-dlya-remo-hobby-1-10-alyuminiy-krasnye-a1951-372320456/?asb=oXUmR%252Bc%252Bw70I2%252BYhMmoaFX0CFla0%252BzWdsAzzzqpdvZ4%253D&asb2=tpLYlhHyno-kO_MKVG6GWNmQKRFS3FRAozHqRnoXFUpdKF36Eb3TdtZKNLGKWmJR4nPdZgcjY5_huPPIHP-qYA&avtc=1&avte=4&avts=1734856536&keywords=%D0%90%D0%BC%D0%BE%D1%80%D1%82%D0%B8%D0%B7%D0%B0%D1%82%D0%BE%D1%80%D1%8B+%D0%B0%D0%BB%D1%8E%D0%BC%D0%B8%D0%BD%D0%B8%D0%B5%D0%B2%D1%8B%D0%B5+%D0%B4%D0%BB%D1%8F+Remo+Hobby,1 549 ₽,1 444 ₽,,,,372320456,Запчасть для радиоуправляемых моделей,,,,,,,,
21,"Амортизаторы задние алюминиевые красные для Remo Hobby 1/10 (Mmax, EX3)",https://www.ozon.ru/product/amortizatory-zadnie-alyuminievye-krasnye-dlya-remo-hobby-1-10-mmax-ex3-747169684/?asb=EVRFdZINA7xJ4lkq7lGzaaVj6PO1tgszCgrrAFqsoTM%253D&asb2=BIclcjoNXMd41zQaIIf7LbsdpqOf2SAboNlWHLkBFzbG6uYzpSH6KM79i6hEdqb4YOJPNm7nuUhJWABbnaOD7g&avtc=1&avte=4&avts=1734856525&keywords=%D0%90%D0%BC%D0%BE%D1%80%D1%82%D0%B8%D0%B7%D0%B0%D1%82%D0%BE%D1%80%D1%8B+%D0%B0%D0%BB%D1%8E%D0%BC%D0%B8%D0%BD%D0%B8%D0%B5%D0%B2%D1%8B%D0%B5+%D0%B4%D0%BB%D1%8F+Remo+Hobby,868 ₽,820 ₽,2.7,11,6,747169684,Запчасть для радиоуправляемых моделей,M1952-Red,Красный,,,,,,
22,Алюминиевая задняя стойка амортизаторов (бабочка) Remo Hobby 1/8 - A2042-RED,https://www.ozon.ru/product/alyuminievaya-zadnyaya-stoyka-amortizatorov-babochka-remo-hobby-1-8-a2042-red-1678778707/?asb=TuHkghOVTDc02H9CI4Dch7a%252Bcqddmg1sBjC4nqiKGh4%253D&asb2=R5yXdOPs_0B4jFLiBlTTI9YSftARBSoSBMk0Xjy7vwu8OVE56Wkuirx0vw82ogy5UPzW5MI-o4OQoPaHJkATIA&avtc=1&avte=4&avts=1734856540&keywords=%D0%90%D0%BC%D0%BE%D1%80%D1%82%D0%B8%D0%B7%D0%B0%D1%82%D0%BE%D1%80%D1%8B+%D0%B0%D0%BB%D1%8E%D0%BC%D0%B8%D0%BD%D0%B8%D0%B5%D0%B2%D1%8B%D0%B5+%D0%B4%D0%BB%D1%8F+Remo+Hobby,1 480 ₽,1 378 ₽,,,,1678778707,Запчасть для радиоуправляемых моделей,,Красный,,,,,,
23,"Амортизаторы алюминиевые для Remo Hobby Smax 1:16 - A6955 Gray / для моделей RH1631/RH1635 монстров, трагги, багги и шорт корсов",https://www.ozon.ru/product/amortizatory-alyuminievye-dlya-remo-hobby-smax-1-16-a6955-gray-dlya-modeley-rh1631-rh1635-1568896926/?asb=mDOyXF0cst7I42I0TRgENgG%252BKC%252FwIAReGWypMdfcw0E%253D&asb2=I10z70ay2Nf3DoRjXKoV0O25k_7BXwRCaO1qsZdmz9o3OfYRI0uXxQeUd6vgOWq-sCYnVsdv105uzp2bPsWeIA&avtc=1&avte=4&avts=1734856505&keywords=%D0%90%D0%BC%D0%BE%D1%80%D1%82%D0%B8%D0%B7%D0%B0%D1%82%D0%BE%D1%80%D1%8B+%D0%B0%D0%BB%D1%8E%D0%BC%D0%B8%D0%BD%D0%B8%D0%B5%D0%B2%D1%8B%D0%B5+%D0%B4%D0%BB%D1%8F+Remo+Hobby,855 ₽,811 ₽,4.9,103,9,1568896926,Запчасть для радиоуправляемых моделей,,"Серебристый, ",Китай,,,,,
24,"Амортизаторы алюминиевые (4 шт+ масло) для Remo Hobby 1/16 (Smax, S-Evor, Rocket, Dingo)",https://www.ozon.ru/product/amortizatory-alyuminievye-4-sht-maslo-dlya-remo-hobby-1-16-smax-s-evor-rocket-dingo-1673732660/?asb=08H0ZIEErYS3EYsZWqy7hP6ZY5pXXQTOOh%252B7t06QQ0s%253D&asb2=Fuj9Gyvk6OmhZJMi28sZX5uLkF3mjzBH1KM3RqyKRQ3B2Ym-mCLWo1mlQDPC0NkZ&avtc=1&avte=4&avts=1734856499&keywords=%D0%90%D0%BC%D0%BE%D1%80%D1%82%D0%B8%D0%B7%D0%B0%D1%82%D0%BE%D1%80%D1%8B+%D0%B0%D0%BB%D1%8E%D0%BC%D0%B8%D0%BD%D0%B8%D0%B5%D0%B2%D1%8B%D0%B5+%D0%B4%D0%BB%D1%8F+Remo+Hobby,1 632 ₽,1 543 ₽,4.8,204,23,1673732660,Запчасть для радиоуправляемых моделей,A6955-4-Red,"Красный, ",Россия,,,,,
25,Радиоуправляемый монстр Remo Hobby SMAX (синий) 4WD 2.4G 1/16 RTR RH1631,https://www.ozon.ru/product/radioupravlyaemyy-monstr-remo-hobby-smax-siniy-4wd-2-4g-1-16-rtr-rh1631-1702817597/?asb=VUxLk2P0AdVze43t59Tl0jQN34u24RuXXKuMTgMUimM%253D&asb2=PObouWQWoPH3o6Ux6mZtVqpfWRoCKrBR2ovaQvLI6LoQvqX0DA9_E7G6ozDYaV-BAEE457qM76RI49xKd0uz-A&avtc=1&avte=4&avts=1734856554&keywords=%D0%90%D0%BC%D0%BE%D1%80%D1%82%D0%B8%D0%B7%D0%B0%D1%82%D0%BE%D1%80%D1%8B+%D0%B0%D0%BB%D1%8E%D0%BC%D0%B8%D0%BD%D0%B8%D0%B5%D0%B2%D1%8B%D0%B5+%D0%B4%D0%BB%D1%8F+Remo+Hobby,6 849 ₽,6 497 ₽,,,,1702817597,Машинка радиоуправляемая,,,,Масштабные модели,Пульт Д/У,1/16,150,
26,Усиленные амортизаторы передние для моделей 1/10 - A1951,https://www.ozon.ru/product/usilennye-amortizatory-perednie-dlya-modeley-1-10-a1951-1765455231/?asb=lQq5UHgZy3L%252F3QN%252BGAlSCqf9v6ksDLUy52xVk9wgVUE%253D&asb2=SS-rUA849Z6NBXX6R8OmEpE7jTR0WsFhTcQ4YQfUG42rG0e7fJnvF0ZgmnX4kzUEjR3hhh-YXytxQdTIhi5BOw&avtc=1&avte=4&avts=1734856536&keywords=%D0%90%D0%BC%D0%BE%D1%80%D1%82%D0%B8%D0%B7%D0%B0%D1%82%D0%BE%D1%80%D1%8B+%D0%B0%D0%BB%D1%8E%D0%BC%D0%B8%D0%BD%D0%B8%D0%B5%D0%B2%D1%8B%D0%B5+%D0%B4%D0%BB%D1%8F+Remo+Hobby,1 683 ₽,1 568 ₽,,,,1765455231,Запчасть для радиоуправляемых моделей,A195-X-Red,Малиновый,Китай,,,,,
27,"Амортизаторы пластиковые красные для Remo Hobby 1/16 (Smax, S-Evor, Rocket, Dingo)",https://www.ozon.ru/product/amortizatory-plastikovye-krasnye-dlya-remo-hobby-1-16-smax-s-evor-rocket-dingo-729046474/?asb=VN5bE92Y8qKcm44DSM8Kv27lKs28C%252FBpXU4jMT4beuo%253D&asb2=7fKSs2m7ey6a0CxUYPxC7nnffh5f8AH6ha_WYVkUbXRiLOxIsDSE5NOwZt2S4vU34GcRAR35-MQrQWd0I4W5XQ&avtc=1&avte=4&avts=1734856512&keywords=%D0%90%D0%BC%D0%BE%D1%80%D1%82%D0%B8%D0%B7%D0%B0%D1%82%D0%BE%D1%80%D1%8B+%D0%B0%D0%BB%D1%8E%D0%BC%D0%B8%D0%BD%D0%B8%D0%B5%D0%B2%D1%8B%D0%B5+%D0%B4%D0%BB%D1%8F+Remo+Hobby,565 ₽,534 ₽,4.9,173,5,729046474,Запчасть для радиоуправляемых моделей,P6955-Red,"Фиолетовый, ",,,,,,
28,"Нержавеющее стальное усиление деки V2 для Remo Hobby 1/16 (Smax, S-Evor, Rocket, Dingo)",https://www.ozon.ru/product/nerzhaveyushchee-stalnoe-usilenie-deki-v2-dlya-remo-hobby-1-16-smax-s-evor-rocket-dingo-728972130/?asb=2WM1cH4Yya0Pg70X8lVvTHETBN4scXpTuxEXn2H3Bcg%253D&asb2=Z7B9gnC2rreiIWF923XSuJGBBdgRCVY42o5R36HLF2CNHMFH66uMSSc3fdb4fY_9jtuK83EC5UID0NubPyCK5w&avtc=1&avte=4&avts=1734856507&keywords=%D0%90%D0%BC%D0%BE%D1%80%D1%82%D0%B8%D0%B7%D0%B0%D1%82%D0%BE%D1%80%D1%8B+%D0%B0%D0%BB%D1%8E%D0%BC%D0%B8%D0%BD%D0%B8%D0%B5%D0%B2%D1%8B%D0%B5+%D0%B4%D0%BB%D1%8F+Remo+Hobby,590 ₽,558 ₽,4.9,371,39,728972130,Запчасть для радиоуправляемых моделей,S2562,"Фиолетовый, ",Россия,,,,,
29,"Амортизаторы передние алюминиевые черные для Remo Hobby 1/10 (Mmax, EX3)",https://www.ozon.ru/product/amortizatory-perednie-alyuminievye-chernye-dlya-remo-hobby-1-10-mmax-ex3-880529914/?asb=dhT2a9rRF7zsoNaIPbRFht%252BQhdtbBiizHbwHH03JuRE%253D&asb2=O1_1V6zcsIDHiCr5_gH4Hs00RJTqMe5JdkYeM1D7ZOe83SBD5isFHI6QI2faHNvdL9BKS-IzvcHeWz1Vl2ca_g&avtc=1&avte=4&avts=1734856512&keywords=%D0%90%D0%BC%D0%BE%D1%80%D1%82%D0%B8%D0%B7%D0%B0%D1%82%D0%BE%D1%80%D1%8B+%D0%B0%D0%BB%D1%8E%D0%BC%D0%B8%D0%BD%D0%B8%D0%B5%D0%B2%D1%8B%D0%B5+%D0%B4%D0%BB%D1%8F+Remo+Hobby,852 ₽,802 ₽,4.5,37,2,880529914,Запчасть для радиоуправляемых моделей,M1951-Black,Черный,,,,,,
30,"Усиленные алюминиевые амортизаторы задние универсальные для моделей 1/10, 1/8",https://www.ozon.ru/product/usilennye-alyuminievye-amortizatory-zadnie-universalnye-dlya-modeley-1-10-1-8-823223935/?asb=Pd9qtEbdXqzFpfSwnbh%252B9HYYRD5fh1QjCmuYgu03l%252F8%253D&asb2=VwDAtKfU4S7gB_GWxU7s5jH6E3Tuoh9Eoc44jrIU3K8iTWiRoCHa1Q4_8QHVXPdg18UtNvDi_3SUiZkM6dBwrA&avtc=1&avte=4&avts=1734856512&keywords=%D0%90%D0%BC%D0%BE%D1%80%D1%82%D0%B8%D0%B7%D0%B0%D1%82%D0%BE%D1%80%D1%8B+%D0%B0%D0%BB%D1%8E%D0%BC%D0%B8%D0%BD%D0%B8%D0%B5%D0%B2%D1%8B%D0%B5+%D0%B4%D0%BB%D1%8F+Remo+Hobby,1 186 ₽,1 121 ₽,4.9,78,18,823223935,Запчасть для радиоуправляемых моделей,A1952-X-Red,"Красный, ",,,,,,
31,"Амортизаторы с внутренней пружиной для Remo Hobby 1/16 (Smax, S-Evor, Rocket, Dingo)",https://www.ozon.ru/product/amortizatory-s-vnutrenney-pruzhinoy-dlya-remo-hobby-1-16-smax-s-evor-rocket-dingo-1130890320/?asb=ZznRC0lKdmWXAJH2GSgzqGIuvck3cBEPl7miAoCgXXE%253D&asb2=lBo_gZ3oIqtaPBNEnZa_e3ov6uixuy8iRcjXh2MgDmCPq20IrggmI7zvfPsEGdnluZC1sWG9y1hhVDnupxgbPg&avtc=1&avte=4&avts=1734856499&keywords=%D0%90%D0%BC%D0%BE%D1%80%D1%82%D0%B8%D0%B7%D0%B0%D1%82%D0%BE%D1%80%D1%8B+%D0%B0%D0%BB%D1%8E%D0%BC%D0%B8%D0%BD%D0%B8%D0%B5%D0%B2%D1%8B%D0%B5+%D0%B4%D0%BB%D1%8F+Remo+Hobby,797 ₽,750 ₽,4.8,159,29,1130890320,Запчасть для радиоуправляемых моделей,A6955-TOP-Red,"Красный, ",Россия,,,,,
32,"Металлическое усиление для Remo Hobby 1/16 S-Evor v2 (RH1661, RH1665)",https://www.ozon.ru/product/metallicheskoe-usilenie-dlya-remo-hobby-1-16-s-evor-v2-rh1661-rh1665-425967406/?asb=3e%252F4VjIRjyLlS6qr1B4MEusOKRTo9bHWqL7hO2CVE5s%253D&asb2=axJYY8vrU1zwm0lAYAr_Lh6sG3ztVY84iz3V1i1GnPqOWfmzMwooRy8InhtGAZfpekaJzsGBgV3W3PRONETUeA&avtc=1&avte=4&avts=1734856505&keywords=%D0%90%D0%BC%D0%BE%D1%80%D1%82%D0%B8%D0%B7%D0%B0%D1%82%D0%BE%D1%80%D1%8B+%D0%B0%D0%BB%D1%8E%D0%BC%D0%B8%D0%BD%D0%B8%D0%B5%D0%B2%D1%8B%D0%B5+%D0%B4%D0%BB%D1%8F+Remo+Hobby,892 ₽,831 ₽,4.7,53,2,425967406,Запчасть для радиоуправляемых моделей,,,,,,,,
33,Алюминиевый кронштейн крепления амортизатора и рулевой тяги для Remo Hobby RH1093ST/73SJ,https://www.ozon.ru/product/alyuminievyy-kronshteyn-krepleniya-amortizatora-i-rulevoy-tyagi-dlya-remo-hobby-rh1093st-73sj-1704896701/?asb=xnrasu2ZZdysbTK37K7PR0DvXvizA%252FEhvnOwdW%252Bjjbo%253D&asb2=jZLOP5tZX5Ct0m7p1UxFtV5vJEjL9cdolJzQKT6iOxiBuWdLHzDuUg56cb7cFBy62wh2E4a64ZW12VHrQY8Eyg&avtc=1&avte=4&avts=1734856529&keywords=%D0%90%D0%BC%D0%BE%D1%80%D1%82%D0%B8%D0%B7%D0%B0%D1%82%D0%BE%D1%80%D1%8B+%D0%B0%D0%BB%D1%8E%D0%BC%D0%B8%D0%BD%D0%B8%D0%B5%D0%B2%D1%8B%D0%B5+%D0%B4%D0%BB%D1%8F+Remo+Hobby,1 044 ₽,983 ₽,,,,1704896701,Запчасть для радиоуправляемых моделей,,,Китай,,,,,
34,"Амортизаторы алюминиевые цвета титан для Remo Hobby 1/16, Smax, S-Evor, Rocket, Dingo, P6955",https://www.ozon.ru/product/amortizatory-alyuminievye-tsveta-titan-dlya-remo-hobby-1-16-smax-s-evor-rocket-dingo-p6955-844159683/?asb=8Ho10mFj2BiUWZlCtGJz12LLAaxkqJibMLP7R%252FUDM9w%253D&asb2=ro6T_NXIv6_GBQ4czbC78X5aiw1asz8ssvgT4-7CDlUZQH2fBTsniqpLm7ZYU0O9pwqWD7uiB7sOZQkcgY93Rg&avtc=1&avte=4&avts=1734856507&keywords=%D0%90%D0%BC%D0%BE%D1%80%D1%82%D0%B8%D0%B7%D0%B0%D1%82%D0%BE%D1%80%D1%8B+%D0%B0%D0%BB%D1%8E%D0%BC%D0%B8%D0%BD%D0%B8%D0%B5%D0%B2%D1%8B%D0%B5+%D0%B4%D0%BB%D1%8F+Remo+Hobby,757 ₽,705 ₽,4.8,75,12,844159683,Запчасть для радиоуправляемых моделей,,Темно-серый,,,,,,
35,Алюминиевые амортизаторы для Remo Hobby 1/16 A6955,https://www.ozon.ru/product/alyuminievye-amortizatory-dlya-remo-hobby-1-16-a6955-285206550/?asb=DIxZgb27BJr6FHK6nN6F08SjgyRylK%252Ffpx8Ihgff5ro%253D&asb2=XgUBiqc84AQPykyUQ0_VXjD0xfT7IdYJujr4l8VUBT03w5cky24bALGCakBCoQwd6Zk973VPZyB0dkUyKmRNwg&avtc=1&avte=4&avts=1734856502&keywords=%D0%90%D0%BC%D0%BE%D1%80%D1%82%D0%B8%D0%B7%D0%B0%D1%82%D0%BE%D1%80%D1%8B+%D0%B0%D0%BB%D1%8E%D0%BC%D0%B8%D0%BD%D0%B8%D0%B5%D0%B2%D1%8B%D0%B5+%D0%B4%D0%BB%D1%8F+Remo+Hobby,798 ₽,744 ₽,4.6,7,3,285206550,Запчасть для радиоуправляемых моделей,,,Россия,,,,,
36,"Амортизаторы с внутренней пружиной (4шт + масло) для Remo Hobby 1/16 (Smax, S-Evor, Rocket, Dingo)",https://www.ozon.ru/product/amortizatory-s-vnutrenney-pruzhinoy-4sht-maslo-dlya-remo-hobby-1-16-smax-s-evor-rocket-dingo-1731293644/?asb=cbwBv%252BUN4Ym7OTkqTitV99pzZjkBAwpKg1H4PGIOcXY%253D&asb2=VCeqOlZdiCWlG_IKrZyqHmUkxniwEAFOTlkqiZ3WuERs2rU2T6otZRJggzW8Xgwf0lgHtUwQN0Qh_jtABiBAjw&avtc=1&avte=4&avts=1734856502&keywords=%D0%90%D0%BC%D0%BE%D1%80%D1%82%D0%B8%D0%B7%D0%B0%D1%82%D0%BE%D1%80%D1%8B+%D0%B0%D0%BB%D1%8E%D0%BC%D0%B8%D0%BD%D0%B8%D0%B5%D0%B2%D1%8B%D0%B5+%D0%B4%D0%BB%D1%8F+Remo+Hobby,1 671 ₽,1 580 ₽,4.8,204,23,1731293644,Запчасть для радиоуправляемых моделей,A6955-TOP-4-Red,"Красный, ",Россия,,,,,
37,"Передние амортизаторы повышенной прочности для шорт-корса, 2шт., алюминий Remo Hobby A2022",https://www.ozon.ru/product/perednie-amortizatory-povyshennoy-prochnosti-dlya-short-korsa-2sht-alyuminiy-remo-hobby-a2022-372316567/?asb=ZIWfzyDUJWME9tJrJnVROul0V78QqvMqmq20lA8ElUc%253D&asb2=ud3rvvxUVME_n1VQ0BFHOHljc6agY4qxX2HFpcrDN9tWimqW_r3e0gtsrokLUg9qkBW4DxB7FEtAsZgUv_Z3JA&avtc=1&avte=4&avts=1734856536&keywords=%D0%90%D0%BC%D0%BE%D1%80%D1%82%D0%B8%D0%B7%D0%B0%D1%82%D0%BE%D1%80%D1%8B+%D0%B0%D0%BB%D1%8E%D0%BC%D0%B8%D0%BD%D0%B8%D0%B5%D0%B2%D1%8B%D0%B5+%D0%B4%D0%BB%D1%8F+Remo+Hobby,1 751 ₽,1 632 ₽,,,,372316567,Запчасть для радиоуправляемых моделей,,,,,,,,
38,"Нержавеющее стальное усиление стойки амортизаторов V1 для Remo Hobby 1/16 (Smax, S-Evor, Rocket, Dingo)",https://www.ozon.ru/product/nerzhaveyushchee-stalnoe-usilenie-stoyki-amortizatorov-v1-dlya-remo-hobby-1-16-smax-s-evor-880534235/?asb=%252FHozBWtmS9P7vuN38I%252FeUK0awCGi0c0mK%252F4ZcFxm%252FU0%253D&asb2=_Dj3QRx2DdgpL7aYx748PxK7bEbWmjK-odAJIoy7z16DFTIuxHl8rHDyurgSdaHV3BRq8sSaJ5qk52CEIRBMTA&avtc=1&avte=4&avts=1734856512&keywords=%D0%90%D0%BC%D0%BE%D1%80%D1%82%D0%B8%D0%B7%D0%B0%D1%82%D0%BE%D1%80%D1%8B+%D0%B0%D0%BB%D1%8E%D0%BC%D0%B8%D0%BD%D0%B8%D0%B5%D0%B2%D1%8B%D0%B5+%D0%B4%D0%BB%D1%8F+Remo+Hobby,494 ₽,484 ₽,4.9,287,28,880534235,Запчасть для радиоуправляемых моделей,S2504,"Фиолетовый, ",Россия,,,,,
39,"Стойка амортизаторов задняя алюминиевая для Remo Hobby 1/8 (9emu, Dinosaurs)",https://www.ozon.ru/product/stoyka-amortizatorov-zadnyaya-alyuminievaya-dlya-remo-hobby-1-8-9emu-dinosaurs-979654670/?asb=wQR6EsvFIHty6rNjdhRPKjii2%252BNgorbEa4fsvomeQN4%253D&asb2=79wRpzASr6FSLpHl3wF0PKhO8R8-314fBiudYxhnpPf44dAPVwXNif-nVUXSQlBDel_UlQFXdRg-xD9nHtlTwA&avtc=1&avte=4&avts=1734856519&keywords=%D0%90%D0%BC%D0%BE%D1%80%D1%82%D0%B8%D0%B7%D0%B0%D1%82%D0%BE%D1%80%D1%8B+%D0%B0%D0%BB%D1%8E%D0%BC%D0%B8%D0%BD%D0%B8%D0%B5%D0%B2%D1%8B%D0%B5+%D0%B4%D0%BB%D1%8F+Remo+Hobby,1 320 ₽,1 243 ₽,5,4,1,979654670,Запчасть для радиоуправляемых моделей,A2042-Blue,Синий,,,,,,
40,"Распорка шасси алюминиевая DERB для Remo Hobby 1/10 (Mmax, EX3)",https://www.ozon.ru/product/rasporka-shassi-alyuminievaya-derb-dlya-remo-hobby-1-10-mmax-ex3-761050035/?asb=EPTk4C2n9%252Bkh3E4%252F7HjA3gviEfs9l1bYYyMYC3ENE3s%253D&asb2=8MbMxEzaXoSs9BixK-sL8Mxfw3NFw3GpyJ0Vpq1d86IicIDWSbYE_VIOYccQKnKAYkLbf6bz1El3-ucdFy8yTQ&avtc=1&avte=4&avts=1734856502&keywords=%D0%90%D0%BC%D0%BE%D1%80%D1%82%D0%B8%D0%B7%D0%B0%D1%82%D0%BE%D1%80%D1%8B+%D0%B0%D0%BB%D1%8E%D0%BC%D0%B8%D0%BD%D0%B8%D0%B5%D0%B2%D1%8B%D0%B5+%D0%B4%D0%BB%D1%8F+Remo+Hobby,450 ₽,426 ₽,4.6,23,2,761050035,Запчасть для радиоуправляемых моделей,A4043,Серебристый,,,,,,
41,Радиоуправляемый монстр Remo Hobby SMAX (синий) 4WD 2.4G 1/16 RTR RH1631,https://www.ozon.ru/product/radioupravlyaemyy-monstr-remo-hobby-smax-siniy-4wd-2-4g-1-16-rtr-rh1631-1692326084/?asb=CMeUgzUf9x24EfnpTX2xekH2AIvS8E2mtlHkrOEyzhQ%253D&asb2=gae31IxeRMVzZAH0rn9X8B75vf1EiNwMLU0chtMMdNWXXP1yemnkBmqs73y5CnEt48hyCEeN4WZpCmRDiD3W4A&avtc=1&avte=4&avts=1734856554&keywords=%D0%90%D0%BC%D0%BE%D1%80%D1%82%D0%B8%D0%B7%D0%B0%D1%82%D0%BE%D1%80%D1%8B+%D0%B0%D0%BB%D1%8E%D0%BC%D0%B8%D0%BD%D0%B8%D0%B5%D0%B2%D1%8B%D0%B5+%D0%B4%D0%BB%D1%8F+Remo+Hobby,6 909 ₽,6 553 ₽,,,,1692326084,Машинка радиоуправляемая,,,,Масштабные модели,Пульт Д/У,1/16,150,
42,Алюминиевые амортизаторы для Remo Hobby 1/16,https://www.ozon.ru/product/alyuminievye-amortizatory-dlya-remo-hobby-1-16-1648119669/?asb=CzRoLLpINbcwtSwtSoTmgO5bm8Z2M9%252B5VzPCSzWCEks%253D&asb2=lZnK1wav3fLuZW06ClctAGpuKiz28XGzyvZ7_9s2h3G9WXbci0Oqy4Go3cdNQs90uQ4pYDoOr1izynH8TQkL1Q&avtc=1&avte=4&avts=1734856512&keywords=%D0%90%D0%BC%D0%BE%D1%80%D1%82%D0%B8%D0%B7%D0%B0%D1%82%D0%BE%D1%80%D1%8B+%D0%B0%D0%BB%D1%8E%D0%BC%D0%B8%D0%BD%D0%B8%D0%B5%D0%B2%D1%8B%D0%B5+%D0%B4%D0%BB%D1%8F+Remo+Hobby,1 044 ₽,983 ₽,,,,1648119669,Запчасть для радиоуправляемых моделей,,,Китай,,,,,
43,Радиоуправляемый монстр Remo Hobby SMAX (синий) 4WD 2.4G 1/16 RTR RH1631 / 4х4 машинка на пульте управления,https://www.ozon.ru/product/radioupravlyaemyy-monstr-remo-hobby-smax-siniy-4wd-2-4g-1-16-rtr-rh1631-4h4-mashinka-na-1579979157/?asb=Iv2G1x3DQoXXcJ5abpTdcRNKzfh34%252FQ1NniNSxxh%252BeI%253D&asb2=sv3Glij5eZuVySF5-2569hts80RnX6XLtIsHYLBbefykAzhdFMDpnP9nsyjWl776n-Dit_dRazQ4X1mv4_aenA&avtc=1&avte=4&avts=1734856554&keywords=%D0%90%D0%BC%D0%BE%D1%80%D1%82%D0%B8%D0%B7%D0%B0%D1%82%D0%BE%D1%80%D1%8B+%D0%B0%D0%BB%D1%8E%D0%BC%D0%B8%D0%BD%D0%B8%D0%B5%D0%B2%D1%8B%D0%B5+%D0%B4%D0%BB%D1%8F+Remo+Hobby,11 863 ₽,11 529 ₽,,,,1579979157,Машинка радиоуправляемая,,,,Масштабные модели,Пульт Д/У,1/16,,Световые эффекты
44,Стойка крепления передних амортизаторов для багги 1/8 Remo Hobby A4012,https://www.ozon.ru/product/stoyka-krepleniya-perednih-amortizatorov-dlya-baggi-1-8-remo-hobby-a4012-429888980/?asb=xUWiIIxKMWieec0YFZEA0lel46jF2f299byfvFO7Ga0%253D&asb2=0VB_41F9r3rO8BzDhMPdB59zuAQ8kbCOuGVMTtGRWh64v_H8Gk5_NuNpicnDplrDX7GQDwA1du1W4OvtC9o1Wg&avtc=1&avte=4&avts=1734856536&keywords=%D0%90%D0%BC%D0%BE%D1%80%D1%82%D0%B8%D0%B7%D0%B0%D1%82%D0%BE%D1%80%D1%8B+%D0%B0%D0%BB%D1%8E%D0%BC%D0%B8%D0%BD%D0%B8%D0%B5%D0%B2%D1%8B%D0%B5+%D0%B4%D0%BB%D1%8F+Remo+Hobby,778 ₽,730 ₽,,,,429888980,Запчасть для радиоуправляемых моделей,,,,,,,,
45,Радиоуправляемый монстр Remo Hobby SMAX (синий) 4WD 2.4G 1/16 RTR RH1631,https://www.ozon.ru/product/radioupravlyaemyy-monstr-remo-hobby-smax-siniy-4wd-2-4g-1-16-rtr-rh1631-1692367401/?asb=0pdvPyJ1IRGbOd%252FXzCAVN%252B9Ldx8ZQDN%252BtmeUi4LNMQY%253D&asb2=RgWaaasxnQeXxrUlG6Y8bWaBzUnY4wjqSgJUaS1VpXmyXFo5hf-48Vf90CejE3SFdrizojJpu8mpCsRYq1rGMg&avtc=1&avte=4&avts=1734856559&keywords=%D0%90%D0%BC%D0%BE%D1%80%D1%82%D0%B8%D0%B7%D0%B0%D1%82%D0%BE%D1%80%D1%8B+%D0%B0%D0%BB%D1%8E%D0%BC%D0%B8%D0%BD%D0%B8%D0%B5%D0%B2%D1%8B%D0%B5+%D0%B4%D0%BB%D1%8F+Remo+Hobby,18 576 ₽,18 052 ₽,,,,1692367401,Машинка радиоуправляемая,,,,Масштабные модели,Пульт Д/У,1/16,150,
46,"Амортизаторы алюминиевые синие для Remo Hobby 1/16 (Smax, S-Evor, Rocket, Dingo)",https://www.ozon.ru/product/amortizatory-alyuminievye-sinie-dlya-remo-hobby-1-16-smax-s-evor-rocket-dingo-726193553/?asb=UbOnLTKffFdZ0MuMmLbQGxTrReSsSPr5OCZuxINQpb4%253D&asb2=6Jv7nCp7djYD_tHYRzwLkbO9Ighss58cbmsadO6kgCzZneA9mE-d673QjgKdRrhBhpVBybCLhbq6-UoLSdWWgw&avtc=1&avte=4&avts=1734856502&keywords=%D0%90%D0%BC%D0%BE%D1%80%D1%82%D0%B8%D0%B7%D0%B0%D1%82%D0%BE%D1%80%D1%8B+%D0%B0%D0%BB%D1%8E%D0%BC%D0%B8%D0%BD%D0%B8%D0%B5%D0%B2%D1%8B%D0%B5+%D0%B4%D0%BB%D1%8F+Remo+Hobby,818 ₽,774 ₽,4.8,204,23,726193553,Запчасть для радиоуправляемых моделей,A6955-Blue,Синий,,,,,,
47,"Передние амортизаторы повышенной прочности для шорт-корса, 2шт., алюминий Remo Hobby A2022",https://www.ozon.ru/product/perednie-amortizatory-povyshennoy-prochnosti-dlya-short-korsa-2sht-alyuminiy-remo-hobby-a2022-429825096/?asb=tr5xQB6GW9hevrTvB1Hvnw1eIIsa7gU40nLkPPwxCIs%253D&asb2=MMGLX5nU2zVz7ulQdW0KkhpnpRdfXbZmDDsOW-xKuYc6RKMpfAGdm07FB1M4cZ_0VSi8akiaMf9A9maVVjx1aA&avtc=1&avte=4&avts=1734856536&keywords=%D0%90%D0%BC%D0%BE%D1%80%D1%82%D0%B8%D0%B7%D0%B0%D1%82%D0%BE%D1%80%D1%8B+%D0%B0%D0%BB%D1%8E%D0%BC%D0%B8%D0%BD%D0%B8%D0%B5%D0%B2%D1%8B%D0%B5+%D0%B4%D0%BB%D1%8F+Remo+Hobby,1 783 ₽,1 673 ₽,,,,429825096,Запчасть для радиоуправляемых моделей,,,,,,,,
48,"Усиленные алюминиевые амортизаторы задние для моделей 1/10, 1/8",https://www.ozon.ru/product/usilennye-alyuminievye-amortizatory-zadnie-dlya-modeley-1-10-1-8-880532444/?asb=9DM6f1oYGw%252BCbFXO8pn%252BWfUxr4PiCzu8gyB9yuk%252FJGs%253D&asb2=tp1Goq4-hMRfhwVwTztInI9ML5myE2rKREyTrlthMysnisX1kZxOsrfVCleaXeybHnVHU-T7zk-zGI5stg3Acg&avtc=1&avte=4&avts=1734856502&keywords=%D0%90%D0%BC%D0%BE%D1%80%D1%82%D0%B8%D0%B7%D0%B0%D1%82%D0%BE%D1%80%D1%8B+%D0%B0%D0%BB%D1%8E%D0%BC%D0%B8%D0%BD%D0%B8%D0%B5%D0%B2%D1%8B%D0%B5+%D0%B4%D0%BB%D1%8F+Remo+Hobby,1 133 ₽,1 067 ₽,4.8,100,26,880532444,Запчасть для радиоуправляемых моделей,A1952-X-Red,"Красный, ",,,,,,
49,"Комплект усиленных амортизаторов (2шт. перед + 2шт. зад) для моделей 1/10, 1/8",https://www.ozon.ru/product/komplekt-usilennyh-amortizatorov-2sht-pered-2sht-zad-dlya-modeley-1-10-1-8-1486123397/?asb=tolsuxMH8CvsyJx%252Bqdd3Rs5beXVulBXJ5Xsky1CEvgk%253D&asb2=2q_upMpccy96Hn3dhG1MWCZLMG34OfFA-Q-anT9KktyQNCEgTMbcPPkKS7e4KeyizRLDF_LbaWydJEiCoFTIKA&avtc=1&avte=4&avts=1734856525&keywords=%D0%90%D0%BC%D0%BE%D1%80%D1%82%D0%B8%D0%B7%D0%B0%D1%82%D0%BE%D1%80%D1%8B+%D0%B0%D0%BB%D1%8E%D0%BC%D0%B8%D0%BD%D0%B8%D0%B5%D0%B2%D1%8B%D0%B5+%D0%B4%D0%BB%D1%8F+Remo+Hobby,2 189 ₽,2 069 ₽,4.9,78,18,1486123397,Запчасть для радиоуправляемых моделей,A195-X-Red,Красный,,,,,,
50,Радиоуправляемый монстр Remo Hobby SMAX (синий) 4WD 2.4G 1/16 RTR RH1631,https://www.ozon.ru/product/radioupravlyaemyy-monstr-remo-hobby-smax-siniy-4wd-2-4g-1-16-rtr-rh1631-1619403769/?asb=2hLHPx31PVmudDC%252FGTS77Ny3aNJ%252FbqTYA6xpVcTAm0g%253D&asb2=hR7ObZfkWsyFxWRV-YqBBd5gsnisAwokDj12zBu2zJCUB6W3U0abih3HwfEgqOxYvR3VgzJ_M2RaHeZo7yHEKg&avtc=1&avte=4&avts=1734856559&keywords=%D0%90%D0%BC%D0%BE%D1%80%D1%82%D0%B8%D0%B7%D0%B0%D1%82%D0%BE%D1%80%D1%8B+%D0%B0%D0%BB%D1%8E%D0%BC%D0%B8%D0%BD%D0%B8%D0%B5%D0%B2%D1%8B%D0%B5+%D0%B4%D0%BB%D1%8F+Remo+Hobby,12 142 ₽,11 800 ₽,,,,1619403769,Машинка радиоуправляемая,,,,Масштабные модели,Пульт Д/У,1/16,150,
51,"Комплект усиленных амортизаторов (2шт. перед + 2шт. зад) для моделей 1/10, 1/8",https://www.ozon.ru/product/komplekt-usilennyh-amortizatorov-2sht-pered-2sht-zad-dlya-modeley-1-10-1-8-1486171232/?asb=H%252FBezGgWMpupjNBqk9kfI402YwTMzuFIJcOWbpKbk9w%253D&asb2=iRxwl1JOEOYO7jLtavTwbdQ3okXy2OB6GcpD_3p4BUBytcIZBDLQrQvp4VqBYDMo-ecGKTmU-5btZNzbhAa3Tg&avtc=1&avte=4&avts=1734856525&keywords=%D0%90%D0%BC%D0%BE%D1%80%D1%82%D0%B8%D0%B7%D0%B0%D1%82%D0%BE%D1%80%D1%8B+%D0%B0%D0%BB%D1%8E%D0%BC%D0%B8%D0%BD%D0%B8%D0%B5%D0%B2%D1%8B%D0%B5+%D0%B4%D0%BB%D1%8F+Remo+Hobby,2 109 ₽,1 986 ₽,4.8,100,26,1486171232,Запчасть для радиоуправляемых моделей,A195-X-Red,Красный,,,,,,
52,Стойка крепления передних амортизаторов для багги 1/8,https://www.ozon.ru/product/stoyka-krepleniya-perednih-amortizatorov-dlya-baggi-1-8-1539555451/?asb=fHTvF5zHrri5R8ZowQAP71uENzOkajLPOg9gKRY8oRo%253D&asb2=Ye7ExSUZbv__TebcJLzPr9pEF1GfxbLx8aU9JbpncdcLMNfRzfwEKPCAlXJYIPT0OSnLfseQdvp56E5fi1kBnA&avtc=1&avte=4&avts=1734856536&keywords=%D0%90%D0%BC%D0%BE%D1%80%D1%82%D0%B8%D0%B7%D0%B0%D1%82%D0%BE%D1%80%D1%8B+%D0%B0%D0%BB%D1%8E%D0%BC%D0%B8%D0%BD%D0%B8%D0%B5%D0%B2%D1%8B%D0%B5+%D0%B4%D0%BB%D1%8F+Remo+Hobby,809 ₽,762 ₽,4.5,2,,1539555451,Аксессуар для радиоуправляемых моделей,,,Китай,,,,,
53,"Амортизаторы с внутренней пружиной для Remo Hobby 1/16 (Smax, S-Evor, Rocket, Dingo)",https://www.ozon.ru/product/amortizatory-s-vnutrenney-pruzhinoy-dlya-remo-hobby-1-16-smax-s-evor-rocket-dingo-1130888135/?asb=oQClBE9Xwf8IXPzWsmP8yduuFciQa7W%252B0J5HxgPXKpw%253D&asb2=RiX6mIs0Ntudx2AT5iH-stMusZouDvs8nzq0Rz0IWsMk_koS-Fiol1QDxS1FKDky7U_sgmKXHkRts98D9znYJg&avtc=1&avte=4&avts=1734856502&keywords=%D0%90%D0%BC%D0%BE%D1%80%D1%82%D0%B8%D0%B7%D0%B0%D1%82%D0%BE%D1%80%D1%8B+%D0%B0%D0%BB%D1%8E%D0%BC%D0%B8%D0%BD%D0%B8%D0%B5%D0%B2%D1%8B%D0%B5+%D0%B4%D0%BB%D1%8F+Remo+Hobby,812 ₽,768 ₽,4.8,204,23,1130888135,Запчасть для радиоуправляемых моделей,A6955-TOP-Titan,"Серебристый, ",Россия,,,,,
54,Алюминиевая стойка крепления амортизаторов задняя для Remo Hobby 1/8,https://www.ozon.ru/product/alyuminievaya-stoyka-krepleniya-amortizatorov-zadnyaya-dlya-remo-hobby-1-8-1211931092/?asb=zsSf5AGZSk%252FaEoiKc%252FFmwMvDPcz0vdQTV1PxhYj0Bbc%253D&asb2=OnjT0wiTs61UTfBtQ1SfRvARtiorky03L3DPzVe7iprKMSAU8h1dNY8fnxNl2qLwfQORw6yKC4Fygk_o8YwwuQ&avtc=1&avte=4&avts=1734856540&keywords=%D0%90%D0%BC%D0%BE%D1%80%D1%82%D0%B8%D0%B7%D0%B0%D1%82%D0%BE%D1%80%D1%8B+%D0%B0%D0%BB%D1%8E%D0%BC%D0%B8%D0%BD%D0%B8%D0%B5%D0%B2%D1%8B%D0%B5+%D0%B4%D0%BB%D1%8F+Remo+Hobby,3 180 ₽,2 962 ₽,,,,1211931092,Запчасть для радиоуправляемых моделей,,,,,,,,
55,"Алюминиевый комплект тюнинга LUXURY-V2 синий для Remo Hobby 1/16, Smax, S-Evor, Rocket, Dingo",https://www.ozon.ru/product/alyuminievyy-komplekt-tyuninga-luxury-v2-siniy-dlya-remo-hobby-1-16-smax-s-evor-rocket-dingo-880532454/?asb=6MHQmwjC00XRaOSJfFtzbf1yqj5bzpSlQRQUzQZ9Qjc%253D&asb2=Sj9HfXbNvogvIxyVy9cur6Vr1OgyrrxptG2WsekNnFJQSf0rHbksJY6RaOpU5NhElgr7Qlo71nfapdC9KbVPcQ&avtc=1&avte=4&avts=1734856515&keywords=%D0%90%D0%BC%D0%BE%D1%80%D1%82%D0%B8%D0%B7%D0%B0%D1%82%D0%BE%D1%80%D1%8B+%D0%B0%D0%BB%D1%8E%D0%BC%D0%B8%D0%BD%D0%B8%D0%B5%D0%B2%D1%8B%D0%B5+%D0%B4%D0%BB%D1%8F+Remo+Hobby,6 641 ₽,6 253 ₽,4.9,337,17,880532454,Запчасть для радиоуправляемых моделей,A1631-LUX-Blue-V2,"Синий, ",Россия,,,,,
56,"Комплект усиленных амортизаторов (2шт. перед + 2шт. зад) для моделей 1/10, 1/8",https://www.ozon.ru/product/komplekt-usilennyh-amortizatorov-2sht-pered-2sht-zad-dlya-modeley-1-10-1-8-1486161047/?asb=FwHcK8LQHYwXrjPVug7N1K5is1quLKp6GKr%252Bxcn1eps%253D&asb2=bNIbdiOXE6NJFHu3bENzv5tkRvZpVJTVdIaWpiLLfihU-3msZq8iQuwkkSqV8dUIkgsf9bEHdmlG1QOAn0uVnQ&avtc=1&avte=4&avts=1734856529&keywords=%D0%90%D0%BC%D0%BE%D1%80%D1%82%D0%B8%D0%B7%D0%B0%D1%82%D0%BE%D1%80%D1%8B+%D0%B0%D0%BB%D1%8E%D0%BC%D0%B8%D0%BD%D0%B8%D0%B5%D0%B2%D1%8B%D0%B5+%D0%B4%D0%BB%D1%8F+Remo+Hobby,2 189 ₽,2 069 ₽,4.9,78,18,1486161047,Запчасть для радиоуправляемых моделей,A195-X-Blue,Синий,,,,,,
57,"Амортизаторы передние алюминиевые красные для Remo Hobby 1/10 (Mmax, EX3)",https://www.ozon.ru/product/amortizatory-perednie-alyuminievye-krasnye-dlya-remo-hobby-1-10-mmax-ex3-880530146/?asb=pBNyEZySNY0A1ZacVH80136Ejj49EefegoNkE2JTn9A%253D&asb2=sDX-GDolHqsYDMISz74fmmZNMGNWbP2h8zEX_uYTdj_rouOHz2AYiPHsuVE3gDiKp7DA9d1b8vH1yOPxZZTduQ&avtc=1&avte=4&avts=1734856502&keywords=%D0%90%D0%BC%D0%BE%D1%80%D1%82%D0%B8%D0%B7%D0%B0%D1%82%D0%BE%D1%80%D1%8B+%D0%B0%D0%BB%D1%8E%D0%BC%D0%B8%D0%BD%D0%B8%D0%B5%D0%B2%D1%8B%D0%B5+%D0%B4%D0%BB%D1%8F+Remo+Hobby,852 ₽,802 ₽,4.5,37,2,880530146,Запчасть для радиоуправляемых моделей,M1951-Red,Красный,,,,,,
58,"Радиоуправляемый монстр Remo Hobby SMAX (синий) 4WD 2.4G 1/16 RTR RH1631,1 шт",https://www.ozon.ru/product/radioupravlyaemyy-monstr-remo-hobby-smax-siniy-4wd-2-4g-1-16-rtr-rh1631-1-sht-1644986282/?asb=hmKxwJWeIwzjAkaI1ySEWuAKm5rREYEDuvuus9SSUqs%253D&asb2=VyAKR34evLWgc2s92ilEUQyA6EY-H0n-4jno5xp_tyeVmKsFS_BFgLui3nmpUSHx04jsbKp_h9d468sIzmyAQw&avtc=1&avte=4&avts=1734856554&keywords=%D0%90%D0%BC%D0%BE%D1%80%D1%82%D0%B8%D0%B7%D0%B0%D1%82%D0%BE%D1%80%D1%8B+%D0%B0%D0%BB%D1%8E%D0%BC%D0%B8%D0%BD%D0%B8%D0%B5%D0%B2%D1%8B%D0%B5+%D0%B4%D0%BB%D1%8F+Remo+Hobby,6 453 ₽,6 120 ₽,,,,1644986282,Машинка радиоуправляемая,,,,,Пульт Д/У,1/16,145,
59,"Задние амортизаторы повышенной прочности, 2шт., алюминий",https://www.ozon.ru/product/zadnie-amortizatory-povyshennoy-prochnosti-2sht-alyuminiy-844382334/?asb=nKYaBZv0foMYm7ca1AVcpCG4gWqdKFNVcZCAtT2wwDY%253D&asb2=nujAFFMhIBapjwX14kbR7IonL1CwT4fEg6Lh4MtInkAgQnBSZT7aAOunG4V9-t-uUXc8o7t1GIruOoUGKWnbog&avtc=1&avte=4&avts=1734856546&keywords=%D0%90%D0%BC%D0%BE%D1%80%D1%82%D0%B8%D0%B7%D0%B0%D1%82%D0%BE%D1%80%D1%8B+%D0%B0%D0%BB%D1%8E%D0%BC%D0%B8%D0%BD%D0%B8%D0%B5%D0%B2%D1%8B%D0%B5+%D0%B4%D0%BB%D1%8F+Remo+Hobby,1 832 ₽,1 738 ₽,,,,844382334,Запчасть для радиоуправляемых моделей,,,,,,,,
60,"Передние амортизаторы для Remo Hobby 1/10, алюминий, красные A1951",https://www.ozon.ru/product/perednie-amortizatory-dlya-remo-hobby-1-10-alyuminiy-krasnye-a1951-429825380/?asb=jtLRNy4rahYMg%252BCkEloyuT6DH3p3WbSjQmSqdf8Nqqo%253D&asb2=sAY2r52lfSlkCYlp9GCtiQ_4eAu9znl10wunBEh1EtWFwK0ZvRAki6Sm7leYFGKsblGM3ttX1I4RRQzHnifboQ&avtc=1&avte=4&avts=1734856536&keywords=%D0%90%D0%BC%D0%BE%D1%80%D1%82%D0%B8%D0%B7%D0%B0%D1%82%D0%BE%D1%80%D1%8B+%D0%B0%D0%BB%D1%8E%D0%BC%D0%B8%D0%BD%D0%B8%D0%B5%D0%B2%D1%8B%D0%B5+%D0%B4%D0%BB%D1%8F+Remo+Hobby,1 577 ₽,1 480 ₽,,,,429825380,Запчасть для радиоуправляемых моделей,,,,,,,,
61,"Амортизаторы задние алюминиевые синие для Remo Hobby 1/10 (Mmax, EX3)",https://www.ozon.ru/product/amortizatory-zadnie-alyuminievye-sinie-dlya-remo-hobby-1-10-mmax-ex3-747163734/?asb=Lb00uIad25XdXrkuhCQ%252F7dg%252BE3VseMOpZg4k41SPpgo%253D&asb2=rrBY-cj2VP-noY275T4UM6oMD7iq-4zUa7FIPxz4ks-Sy9E9mNzWW86AY9RRaKP9Mv7AXr3PQLQbVPiedCdfBQ&avtc=1&avte=4&avts=1734856525&keywords=%D0%90%D0%BC%D0%BE%D1%80%D1%82%D0%B8%D0%B7%D0%B0%D1%82%D0%BE%D1%80%D1%8B+%D0%B0%D0%BB%D1%8E%D0%BC%D0%B8%D0%BD%D0%B8%D0%B5%D0%B2%D1%8B%D0%B5+%D0%B4%D0%BB%D1%8F+Remo+Hobby,868 ₽,820 ₽,2.7,11,6,747163734,Запчасть для радиоуправляемых моделей,M1952-Blue,Синий,,,,,,
62,"Амортизаторы алюминиевые для Remo Hobby Smax 1:16 - A6955 Gray / для моделей RH1631/RH1635 монстров, трагги, багги и шорт корсов",https://www.ozon.ru/product/amortizatory-alyuminievye-dlya-remo-hobby-smax-1-16-a6955-gray-dlya-modeley-rh1631-rh1635-1568914698/?asb=u173jsOUW4ddToMa8mjr70BHHaRMcqpYXUfuBuDjVuI%253D&asb2=GB1gWORVusjyns07j-6qQ7mcyQKOrGDmCuDo3EyQuuApX20AGgxZ7DO-EjD55paFDh9s6ZbcwS8GqoblTRQ6BA&avtc=1&avte=4&avts=1734856507&keywords=%D0%90%D0%BC%D0%BE%D1%80%D1%82%D0%B8%D0%B7%D0%B0%D1%82%D0%BE%D1%80%D1%8B+%D0%B0%D0%BB%D1%8E%D0%BC%D0%B8%D0%BD%D0%B8%D0%B5%D0%B2%D1%8B%D0%B5+%D0%B4%D0%BB%D1%8F+Remo+Hobby,1 289 ₽,1 219 ₽,5,7,1,1568914698,Запчасть для радиоуправляемых моделей,,"Серебристый, ",Китай,,,,,
63,"Стойка амортизаторов задняя алюминиевая для Remo Hobby 1/8 (9emu, Dinosaurs)",https://www.ozon.ru/product/stoyka-amortizatorov-zadnyaya-alyuminievaya-dlya-remo-hobby-1-8-9emu-dinosaurs-979804659/?asb=hhbNVy2mMs8j2zEHAYqLiO8Bsg0yxz4%252BoXd%252FE7LoEYU%253D&asb2=p6zfhMAQ28V9eVgeEj3Ekm9SZf93xYaqC6yObSmdG6IUQyjnXNrT_4xEK99cpCd3Xum5rUTP9Dss-Ybsc1UGJg&avtc=1&avte=4&avts=1734856525&keywords=%D0%90%D0%BC%D0%BE%D1%80%D1%82%D0%B8%D0%B7%D0%B0%D1%82%D0%BE%D1%80%D1%8B+%D0%B0%D0%BB%D1%8E%D0%BC%D0%B8%D0%BD%D0%B8%D0%B5%D0%B2%D1%8B%D0%B5+%D0%B4%D0%BB%D1%8F+Remo+Hobby,1 345 ₽,1 272 ₽,5,3,3,979804659,Запчасть для радиоуправляемых моделей,A2042-Red,Красный,,,,,,
64,"Амортизаторы передние алюминиевые синие для Remo Hobby 1/10 (Mmax, EX3)",https://www.ozon.ru/product/amortizatory-perednie-alyuminievye-sinie-dlya-remo-hobby-1-10-mmax-ex3-747144565/?asb=d5k0JdRFrUPeH6lF56Jfn00ZG8bgbHxVYe7PED%252FtjGA%253D&asb2=FBT8deM1e6GEpHTDKF8G4VOwpLQCnsOI2c6gsl-cj28unumn52_NQw9V3iFQ4x7xrOqTw64x-azoMp9TYwsHeA&avtc=1&avte=4&avts=1734856519&keywords=%D0%90%D0%BC%D0%BE%D1%80%D1%82%D0%B8%D0%B7%D0%B0%D1%82%D0%BE%D1%80%D1%8B+%D0%B0%D0%BB%D1%8E%D0%BC%D0%B8%D0%BD%D0%B8%D0%B5%D0%B2%D1%8B%D0%B5+%D0%B4%D0%BB%D1%8F+Remo+Hobby,868 ₽,820 ₽,4.4,33,8,747144565,Запчасть для радиоуправляемых моделей,M1951-Blue,Синий,,,,,,
65,"Амортизаторы передние алюминиевые черные для Remo Hobby 1/10 (Mmax, EX3)",https://www.ozon.ru/product/amortizatory-perednie-alyuminievye-chernye-dlya-remo-hobby-1-10-mmax-ex3-747159206/?asb=%252F5f7g4o88wnjbuu%252BcNcFvzcx4Fhs1FvJRB7dOXb3c9I%253D&asb2=V5cd3sSVrpgHIDTfuadzROVsm7ArGFji9l7mzFJGnPxGOee6c87qi9hRvfGmSWgbIbWULeprYqaZyN9mfrduXA&avtc=1&avte=4&avts=1734856525&keywords=%D0%90%D0%BC%D0%BE%D1%80%D1%82%D0%B8%D0%B7%D0%B0%D1%82%D0%BE%D1%80%D1%8B+%D0%B0%D0%BB%D1%8E%D0%BC%D0%B8%D0%BD%D0%B8%D0%B5%D0%B2%D1%8B%D0%B5+%D0%B4%D0%BB%D1%8F+Remo+Hobby,868 ₽,820 ₽,4.4,33,8,747159206,Запчасть для радиоуправляемых моделей,M1951-Black,Черный,,,,,,
66,"Усиленные алюминиевые амортизаторы передние для моделей 1/10, 1/8",https://www.ozon.ru/product/usilennye-alyuminievye-amortizatory-perednie-dlya-modeley-1-10-1-8-880536489/?asb=jHtZ7YWAxCDsmCkxg9hi%252FZ7jxl2JaALSwyPaqsUwHZU%253D&asb2=_0WjAK7QjY9pXtr-s4_sZqgKDkLCBP9-rZ1E5q_E8guYTlusFOUWHq0JjXI7Wqw1sUDuxfVK0hS2R8PRHrWi7g&avtc=1&avte=4&avts=1734856505&keywords=%D0%90%D0%BC%D0%BE%D1%80%D1%82%D0%B8%D0%B7%D0%B0%D1%82%D0%BE%D1%80%D1%8B+%D0%B0%D0%BB%D1%8E%D0%BC%D0%B8%D0%BD%D0%B8%D0%B5%D0%B2%D1%8B%D0%B5+%D0%B4%D0%BB%D1%8F+Remo+Hobby,1 164 ₽,1 096 ₽,4.8,100,26,880536489,Запчасть для радиоуправляемых моделей,A1951-X-Red,"Красный, ",,,,,,
67,"Передние амортизаторы повышенной прочности для шорт-корса Remo Hobby, 2шт, алюминий",https://www.ozon.ru/product/perednie-amortizatory-povyshennoy-prochnosti-dlya-short-korsa-remo-hobby-2sht-alyuminiy-837115645/?asb=74ccO7Q9%252FIdj%252BDcMJF8ITIgdTcruvKLDWjPoWAZLrws%253D&asb2=cP3PmZOXybBSQsKvJ7cL6Tu1jUgTL0DW1wV43VEM1FjkVdZfEJZB9IfgaCjnrA2-RmONGslrznmTjDpeFwfFcw&avtc=1&avte=4&avts=1734856507&keywords=%D0%90%D0%BC%D0%BE%D1%80%D1%82%D0%B8%D0%B7%D0%B0%D1%82%D0%BE%D1%80%D1%8B+%D0%B0%D0%BB%D1%8E%D0%BC%D0%B8%D0%BD%D0%B8%D0%B5%D0%B2%D1%8B%D0%B5+%D0%B4%D0%BB%D1%8F+Remo+Hobby,1 301 ₽,1 211 ₽,5,3,4,837115645,Запчасть для радиоуправляемых моделей,,Синий,Китай,,,,,
68,"Амортизаторы задние алюминиевые черные для Remo Hobby 1/10 (Mmax, EX3)",https://www.ozon.ru/product/amortizatory-zadnie-alyuminievye-chernye-dlya-remo-hobby-1-10-mmax-ex3-880535727/?asb=oEQp8IonEgJBnDHUHlOwChJwKXXvosF70ArNv10lebo%253D&asb2=IRkg0i1GReJGjSCUhsS6Ip0s24cVSK8pK3G3G_lq8RuKXj7zNesdgujnY9XaHKXxRre4u3TAt5O964GwLlxIug&avtc=1&avte=4&avts=1734856507&keywords=%D0%90%D0%BC%D0%BE%D1%80%D1%82%D0%B8%D0%B7%D0%B0%D1%82%D0%BE%D1%80%D1%8B+%D0%B0%D0%BB%D1%8E%D0%BC%D0%B8%D0%BD%D0%B8%D0%B5%D0%B2%D1%8B%D0%B5+%D0%B4%D0%BB%D1%8F+Remo+Hobby,852 ₽,802 ₽,4.7,24,4,880535727,Запчасть для радиоуправляемых моделей,M1952-Black,Черный,,,,,,
69,Алюминиевая задняя стойка амортизаторов (бабочка) Remo Hobby 1/8 - A2042-BLUE,https://www.ozon.ru/product/alyuminievaya-zadnyaya-stoyka-amortizatorov-babochka-remo-hobby-1-8-a2042-blue-1678760890/?asb=dTp8aBPq%252Bq4BAvycHzQoXfJfjtdxwpIGYSh0Wc9PpQk%253D&asb2=eVlS_UBYW79hbmNhcnhs0Ssi19tKH1jxAmDvaiLvH2o7PO7D1YRv_WT8MWgT7U-1qFXbVepD33yAc6_fmdop7g&avtc=1&avte=4&avts=1734856540&keywords=%D0%90%D0%BC%D0%BE%D1%80%D1%82%D0%B8%D0%B7%D0%B0%D1%82%D0%BE%D1%80%D1%8B+%D0%B0%D0%BB%D1%8E%D0%BC%D0%B8%D0%BD%D0%B8%D0%B5%D0%B2%D1%8B%D0%B5+%D0%B4%D0%BB%D1%8F+Remo+Hobby,1 480 ₽,1 378 ₽,,,,1678760890,Запчасть для радиоуправляемых моделей,,Синий,,,,,,
70,"Задние амортизаторы для Remo Hobby MMAX, EX3 1/10, алюминий, синие - A1952 / для моделей RH1031/RH1035",https://www.ozon.ru/product/zadnie-amortizatory-dlya-remo-hobby-mmax-ex3-1-10-alyuminiy-sinie-a1952-dlya-modeley-rh1031-rh1035-1563140026/?asb=XRsqhsAzVSHTcuarQXVZTM5EQaoJpWwEyt%252BCnu%252FQ37k%253D&asb2=EqAzRqJG3q95KkOHdY0B2CLZxuLmRc3NsGeM315KO27E6gPa6DT1UPlPRu4xfBLBQKzmXGeg__iTMd42EtRweg&avtc=1&avte=4&avts=1734856512&keywords=%D0%90%D0%BC%D0%BE%D1%80%D1%82%D0%B8%D0%B7%D0%B0%D1%82%D0%BE%D1%80%D1%8B+%D0%B0%D0%BB%D1%8E%D0%BC%D0%B8%D0%BD%D0%B8%D0%B5%D0%B2%D1%8B%D0%B5+%D0%B4%D0%BB%D1%8F+Remo+Hobby,2 327 ₽,,4.8,12,5,1563140026,Запчасть для радиоуправляемых моделей,A1952,"Черно-серый, ",Китай,,,,,
71,"Радиоуправляемая машина монстр Remo Hobby Smax 4WD RH1631 Red, масштаб 1:16, 29 см, Красный / детская машинка на пульте управления",https://www.ozon.ru/product/radioupravlyaemaya-mashina-monstr-remo-hobby-smax-4wd-rh1631-red-masshtab-1-16-29-sm-251747159/?asb=FYIi9yxlZrGQVdIO8%252FRFLrNCHztkBDFyW6JBBuqfq%252Bk%253D&asb2=zNWCZV7KG2GTUBuTiRG4LxdnSQbIE2MMrGDUJCKiTtQZJnb3gWV88T6r52-AzvbIJJzk8JdBVckbEyFzHidl3g&avtc=1&avte=4&avts=1734856515&keywords=%D0%90%D0%BC%D0%BE%D1%80%D1%82%D0%B8%D0%B7%D0%B0%D1%82%D0%BE%D1%80%D1%8B+%D0%B0%D0%BB%D1%8E%D0%BC%D0%B8%D0%BD%D0%B8%D0%B5%D0%B2%D1%8B%D0%B5+%D0%B4%D0%BB%D1%8F+Remo+Hobby,6 709 ₽,6 366 ₽,4.8,412,115,251747159,Машинка радиоуправляемая,,,,Масштабные модели,Пульт Д/У,1/16,,Световые эффекты
72,"Усиленные алюминиевые амортизаторы передние для моделей 1/10, 1/8",https://www.ozon.ru/product/usilennye-alyuminievye-amortizatory-perednie-dlya-modeley-1-10-1-8-880547992/?asb=uSP75m4%252FA9pPdi%252FM1THdfcss4%252Be75lab0NRTj94kIF0%253D&asb2=XXGli0O5J-K9UxQn3rT7yAVQkiUf5eQeGIMhiQvNl47pUz7J4ntTdVYhWotzVia2kKRRH-lVOB2Eg3Vc30eG1A&avtc=1&avte=4&avts=1734856502&keywords=%D0%90%D0%BC%D0%BE%D1%80%D1%82%D0%B8%D0%B7%D0%B0%D1%82%D0%BE%D1%80%D1%8B+%D0%B0%D0%BB%D1%8E%D0%BC%D0%B8%D0%BD%D0%B8%D0%B5%D0%B2%D1%8B%D0%B5+%D0%B4%D0%BB%D1%8F+Remo+Hobby,1 133 ₽,1 067 ₽,4.8,100,26,880547992,Запчасть для радиоуправляемых моделей,A1951-X-Blue,"Синий, ",,,,,,
73,Стойка крепления задних амортизаторов для багги 1/8,https://www.ozon.ru/product/stoyka-krepleniya-zadnih-amortizatorov-dlya-baggi-1-8-583292598/?asb=ZHck7ZokqZlqKq%252F3r7uRv7XAD%252Bp%252FW%252BD2k6%252BOVWh61wo%253D&asb2=tK0NlenWqXePpVVlTOg1-KVWySiqyZ4tv0JOtfc2MiUdMFlVKPjoMrQkJe9haigmnMGL7ojoScUddjuXoF5gtA&avtc=1&avte=4&avts=1734856546&keywords=%D0%90%D0%BC%D0%BE%D1%80%D1%82%D0%B8%D0%B7%D0%B0%D1%82%D0%BE%D1%80%D1%8B+%D0%B0%D0%BB%D1%8E%D0%BC%D0%B8%D0%BD%D0%B8%D0%B5%D0%B2%D1%8B%D0%B5+%D0%B4%D0%BB%D1%8F+Remo+Hobby,671 ₽,625 ₽,,,,583292598,Запчасть для радиоуправляемых моделей,,,,,,,,
74,Стойка крепления задних амортизаторов для багги 1/8 Remo Hobby A4013,https://www.ozon.ru/product/stoyka-krepleniya-zadnih-amortizatorov-dlya-baggi-1-8-remo-hobby-a4013-429889187/?asb=qwvERExlKL%252BixKaEffsFKg9PW%252BSaKhv%252FO8GbCZ3eyEk%253D&asb2=HQOyqnfkTEHQFdMca7aiNb52GbXnj4onz9MVaNYsSPxaEGyY_o6SvxZIfTSzqr54FpsnCVI3AXkRIDucVECObg&avtc=1&avte=4&avts=1734856536&keywords=%D0%90%D0%BC%D0%BE%D1%80%D1%82%D0%B8%D0%B7%D0%B0%D1%82%D0%BE%D1%80%D1%8B+%D0%B0%D0%BB%D1%8E%D0%BC%D0%B8%D0%BD%D0%B8%D0%B5%D0%B2%D1%8B%D0%B5+%D0%B4%D0%BB%D1%8F+Remo+Hobby,857 ₽,804 ₽,,,,429889187,Запчасть для радиоуправляемых моделей,,,,,,,,
75,Пластина усиления стойки амортизаторов для моделей REMO HOBBY 1/16 Remo Hobby A2504PRO,https://www.ozon.ru/product/plastina-usileniya-stoyki-amortizatorov-dlya-modeley-remo-hobby-1-16-remo-hobby-a2504pro-285207247/?asb=KCM7q5A%252BuHqxljq8FbQD9V8GK3A%252Bgi9aTPxiabZVdGg%253D&asb2=q4_1tLFidpuMdWHSCJid7ZZFbOZzgfE0MU6IY4_qV2i_uUc5KWFnYRHH3Gc6VV57r9yfcQ9P5aZMaS_TJDxpnQ&avtc=1&avte=4&avts=1734856507&keywords=%D0%90%D0%BC%D0%BE%D1%80%D1%82%D0%B8%D0%B7%D0%B0%D1%82%D0%BE%D1%80%D1%8B+%D0%B0%D0%BB%D1%8E%D0%BC%D0%B8%D0%BD%D0%B8%D0%B5%D0%B2%D1%8B%D0%B5+%D0%B4%D0%BB%D1%8F+Remo+Hobby,428 ₽,419 ₽,,,1,285207247,Запчасть для радиоуправляемых моделей,,,,,,,,
76,Стойка крепления передних амортизаторов для багги 1/8,https://www.ozon.ru/product/stoyka-krepleniya-perednih-amortizatorov-dlya-baggi-1-8-1222957869/?asb=KHwWYLr%252BMcHv%252FeoW4cr6%252B7e2BrKPCUv455ol1V6dPQM%253D&asb2=-x1RUawTbn_WkR_OM__PDkk_eqZLKhYzvIqaRIRerQR4oqeJVrsGs9yNe-YCMFfokXMv6a-JGpZKsEKFbinG3A&avtc=1&avte=4&avts=1734856554&keywords=%D0%90%D0%BC%D0%BE%D1%80%D1%82%D0%B8%D0%B7%D0%B0%D1%82%D0%BE%D1%80%D1%8B+%D0%B0%D0%BB%D1%8E%D0%BC%D0%B8%D0%BD%D0%B8%D0%B5%D0%B2%D1%8B%D0%B5+%D0%B4%D0%BB%D1%8F+Remo+Hobby,686 ₽,639 ₽,,,,1222957869,Запчасть для радиоуправляемых моделей,,,,,,,,
77,Алюминиевая передняя стойка амортизаторов (бабочка) для Remo Hobby 1/8 - A2023-RED,https://www.ozon.ru/product/alyuminievaya-perednyaya-stoyka-amortizatorov-babochka-dlya-remo-hobby-1-8-a2023-red-1678779992/?asb=S%252BXlaunnmoEDzrwjnJLjwdKSqhs97%252Bkq7zdxVit22gc%253D&asb2=piQoGJB_A8dCQVUpqdl2qaw31l9K4bFkl0shQthvKvi2LlsIcb5zi80-YMYji3tVVyubNJcOMM4j7SoAwy_uuA&avtc=1&avte=4&avts=1734856529&keywords=%D0%90%D0%BC%D0%BE%D1%80%D1%82%D0%B8%D0%B7%D0%B0%D1%82%D0%BE%D1%80%D1%8B+%D0%B0%D0%BB%D1%8E%D0%BC%D0%B8%D0%BD%D0%B8%D0%B5%D0%B2%D1%8B%D0%B5+%D0%B4%D0%BB%D1%8F+Remo+Hobby,1 480 ₽,1 378 ₽,,,,1678779992,Запчасть для радиоуправляемых моделей,,Красный,,,,,,
78,Радиоуправляемый монстр Remo Hobby SMAX (синий) 4WD 2.4G 1/16 RTR RH1631,https://www.ozon.ru/product/radioupravlyaemyy-monstr-remo-hobby-smax-siniy-4wd-2-4g-1-16-rtr-rh1631-1720044089/?asb=RWbyheqqxOo%252BC2iV8paL1bfSMBnDLwaRxASR801jecg%253D&asb2=XMAG6EgNnq1zOeVCO7CGzUpHRA6c7_8d0Avl_CGqpNGhV6003HWr6dMB1ifXK0UXcDsh8cT0FfimRzes5xfhMA&avtc=1&avte=4&avts=1734856559&keywords=%D0%90%D0%BC%D0%BE%D1%80%D1%82%D0%B8%D0%B7%D0%B0%D1%82%D0%BE%D1%80%D1%8B+%D0%B0%D0%BB%D1%8E%D0%BC%D0%B8%D0%BD%D0%B8%D0%B5%D0%B2%D1%8B%D0%B5+%D0%B4%D0%BB%D1%8F+Remo+Hobby,7 775 ₽,7 375 ₽,,,,1720044089,Машинка радиоуправляемая,,,,Масштабные модели,Пульт Д/У,1/16,150,
79,"Амортизаторы с внутренней пружиной (4шт + масло) для Remo Hobby 1/16 (Smax, S-Evor, Rocket, Dingo)",https://www.ozon.ru/product/amortizatory-s-vnutrenney-pruzhinoy-4sht-maslo-dlya-remo-hobby-1-16-smax-s-evor-rocket-dingo-1731441546/?asb=ovRaBOJZ1mMiFvgPOcaQLJhYD0BdPOOlJ%252BRwQdu0JkU%253D&asb2=4ja3X-s0SWgYxuwKjuYuVIQ0QhlVybhbBFEJjo4CjTmnnNnBFTlQhUZTwxCem1AQSdO_hj8eHC_0_9AB2b1NYw&avtc=1&avte=4&avts=1734856502&keywords=%D0%90%D0%BC%D0%BE%D1%80%D1%82%D0%B8%D0%B7%D0%B0%D1%82%D0%BE%D1%80%D1%8B+%D0%B0%D0%BB%D1%8E%D0%BC%D0%B8%D0%BD%D0%B8%D0%B5%D0%B2%D1%8B%D0%B5+%D0%B4%D0%BB%D1%8F+Remo+Hobby,1 641 ₽,1 545 ₽,4.8,159,29,1731441546,Запчасть для радиоуправляемых моделей,A6955-TOP-4-Red,"Красный, ",Россия,,,,,
80,"Алюминиевый комплект тюнинга LUXURY-V2 красный для Remo Hobby 1/16, Smax, S-Evor, Rocket, Dingo",https://www.ozon.ru/product/alyuminievyy-komplekt-tyuninga-luxury-v2-krasnyy-dlya-remo-hobby-1-16-smax-s-evor-rocket-dingo-880535257/?asb=jjmv%252F2F6JjLzhujtTa%252FHFseZw8MqAssp6LCn0LNSDg4%253D&asb2=LMOAlyJnZtmnq3U8KjkcgTjp3AQ0AWw8dhmaWGhPzf6RGA7PuKpRA4zd0CIGy0JsqiR2lNmft9BK2-SDBM8NFg&avtc=1&avte=4&avts=1734856515&keywords=%D0%90%D0%BC%D0%BE%D1%80%D1%82%D0%B8%D0%B7%D0%B0%D1%82%D0%BE%D1%80%D1%8B+%D0%B0%D0%BB%D1%8E%D0%BC%D0%B8%D0%BD%D0%B8%D0%B5%D0%B2%D1%8B%D0%B5+%D0%B4%D0%BB%D1%8F+Remo+Hobby,6 641 ₽,6 253 ₽,4.9,337,17,880535257,Запчасть для радиоуправляемых моделей,A1631-LUX-Red-V2,"Красный, ",,,,,,
81,Стойка крепления задних амортизаторов для багги 1/8,https://www.ozon.ru/product/stoyka-krepleniya-zadnih-amortizatorov-dlya-baggi-1-8-1222258702/?asb=KshYO%252Bm5FKTWV0GTBwqO1M0jVitjhoS24X4m5JK5e1A%253D&asb2=ATYDJDvyMMVdCLU-8iM2D_72lFq2FmiSLBC2aWI_oF5WmzxpKmSe1NHIL7QU75VqeCMHa_lYEMLQZxWlVjwM1g&avtc=1&avte=4&avts=1734856554&keywords=%D0%90%D0%BC%D0%BE%D1%80%D1%82%D0%B8%D0%B7%D0%B0%D1%82%D0%BE%D1%80%D1%8B+%D0%B0%D0%BB%D1%8E%D0%BC%D0%B8%D0%BD%D0%B8%D0%B5%D0%B2%D1%8B%D0%B5+%D0%B4%D0%BB%D1%8F+Remo+Hobby,752 ₽,700 ₽,,,,1222258702,Запчасть для радиоуправляемых моделей,,,,,,,,
82,"Задние амортизаторы для Remo Hobby MMAX, EX3 1/10, алюминий, синие - A1952 / для моделей RH1031/RH1035",https://www.ozon.ru/product/zadnie-amortizatory-dlya-remo-hobby-mmax-ex3-1-10-alyuminiy-sinie-a1952-dlya-modeley-rh1031-rh1035-1553177817/?asb=Y%252BWUeXGWwvXiYuHq3cdykN99QJaxyq9Dfg0e5gip8q8%253D&asb2=LpBVFxHL4UbFkxKZxak3hL2BdhjWdtQE04WZphT27wRth-KDATQpM6dy_dF_XyovDbU0ABXXxG5T6RflTCsBmw&avtc=1&avte=4&avts=1734856515&keywords=%D0%90%D0%BC%D0%BE%D1%80%D1%82%D0%B8%D0%B7%D0%B0%D1%82%D0%BE%D1%80%D1%8B+%D0%B0%D0%BB%D1%8E%D0%BC%D0%B8%D0%BD%D0%B8%D0%B5%D0%B2%D1%8B%D0%B5+%D0%B4%D0%BB%D1%8F+Remo+Hobby,2 270 ₽,,4.2,7,1,1553177817,Запчасть для радиоуправляемых моделей,A1952,"Черно-серый, ",Китай,,,,,
83,"Амортизаторы пластиковые красные для Remo Hobby 1/16 (Smax, S-Evor, Rocket, Dingo)",https://www.ozon.ru/product/amortizatory-plastikovye-krasnye-dlya-remo-hobby-1-16-smax-s-evor-rocket-dingo-880532421/?asb=FXXMAv4MOqj08XNxx41%252FnGbqy78uCS%252FblGAZ2tQKjtg%253D&asb2=MVOoc7IPD4iI4kFHjhtUBZQWl9LJFIJcOXe7MQBeP8xVImlozZLmlLbBvz0oTfj3nF334dzPfzB5F-XGjgscyg&avtc=1&avte=4&avts=1734856505&keywords=%D0%90%D0%BC%D0%BE%D1%80%D1%82%D0%B8%D0%B7%D0%B0%D1%82%D0%BE%D1%80%D1%8B+%D0%B0%D0%BB%D1%8E%D0%BC%D0%B8%D0%BD%D0%B8%D0%B5%D0%B2%D1%8B%D0%B5+%D0%B4%D0%BB%D1%8F+Remo+Hobby,555 ₽,522 ₽,4.9,195,10,880532421,Запчасть для радиоуправляемых моделей,P6955-Red,"Фиолетовый, ",,,,,,
84,Алюминиевая стойка крепления амортизаторов задняя для Remo Hobby 1/8 A2042,https://www.ozon.ru/product/alyuminievaya-stoyka-krepleniya-amortizatorov-zadnyaya-dlya-remo-hobby-1-8-a2042-429804316/?asb=%252FDYCp6zBG2icXvd7zzaSWlmHQsOYtKK9VdBuB%252BCTqyM%253D&asb2=1oidQB7cR4Wc7ihEQTlcJyJ9FrS_ghScSZZjsmUFlyjjvdZAyfLzbc6TQdklcJp5RlKRRA3NXkEKamvQYiEGdQ&avtc=1&avte=4&avts=1734856546&keywords=%D0%90%D0%BC%D0%BE%D1%80%D1%82%D0%B8%D0%B7%D0%B0%D1%82%D0%BE%D1%80%D1%8B+%D0%B0%D0%BB%D1%8E%D0%BC%D0%B8%D0%BD%D0%B8%D0%B5%D0%B2%D1%8B%D0%B5+%D0%B4%D0%BB%D1%8F+Remo+Hobby,4 103 ₽,3 849 ₽,,,,429804316,Запчасть для радиоуправляемых моделей,,,,,,,,
85,Радиоуправляемый монстр Remo Hobby SMAX (синий) 4WD 2.4G 1/16 RTR RH1631 / 4х4 машинка на пульте управления,https://www.ozon.ru/product/radioupravlyaemyy-monstr-remo-hobby-smax-siniy-4wd-2-4g-1-16-rtr-rh1631-4h4-mashinka-na-234121159/?asb=zmtmV4ADow58MORv9w9fHrEfqd%252BgL8mDCgLX8Vb7KME%253D&asb2=ubH1se9mWCiJ_GgLSuivpFTco-KEeG-LziRFC_kAqmeGVakhdbGGMzQjLXKfetYhZAmJhDTWOfMX6mZNpInuKg&avtc=1&avte=4&avts=1734856512&keywords=%D0%90%D0%BC%D0%BE%D1%80%D1%82%D0%B8%D0%B7%D0%B0%D1%82%D0%BE%D1%80%D1%8B+%D0%B0%D0%BB%D1%8E%D0%BC%D0%B8%D0%BD%D0%B8%D0%B5%D0%B2%D1%8B%D0%B5+%D0%B4%D0%BB%D1%8F+Remo+Hobby,6 709 ₽,6 366 ₽,4.8,412,115,234121159,Машинка радиоуправляемая,,,,Масштабные модели,Пульт Д/У,1/16,,Световые эффекты
86,Алюминиевая стойка крепления амортизаторов задняя для Remo Hobby 1/8 A2042,https://www.ozon.ru/product/alyuminievaya-stoyka-krepleniya-amortizatorov-zadnyaya-dlya-remo-hobby-1-8-a2042-285169989/?asb=SsYSYILn7Ih5EhQ7%252FqyjrJK%252BXBpHu2D6DNt%252FmBXH5Ho%253D&asb2=pyv7oQiqAkRD87UaZHW42Gb_LyfEqUylYh4uJgd-wMgw8H5Xp0UoorgZc7_9D0PgTXNfRTxUISwnLvGeqDqVSg&avtc=1&avte=4&avts=1734856546&keywords=%D0%90%D0%BC%D0%BE%D1%80%D1%82%D0%B8%D0%B7%D0%B0%D1%82%D0%BE%D1%80%D1%8B+%D0%B0%D0%BB%D1%8E%D0%BC%D0%B8%D0%BD%D0%B8%D0%B5%D0%B2%D1%8B%D0%B5+%D0%B4%D0%BB%D1%8F+Remo+Hobby,4 028 ₽,3 756 ₽,,,,285169989,Запчасть для радиоуправляемых моделей,,,,,,,,
87,A6955 Регулируемые алюминиевые масляные амортизаторы синего цвета для моделей Remo Hobby 1/16,https://www.ozon.ru/product/a6955-reguliruemye-alyuminievye-maslyanye-amortizatory-sinego-tsveta-dlya-modeley-remo-hobby-1-16-847492086/?asb=JobJZfomVblCzOj3fWnPZqMt7iFVnsQaIwSNMSOq9D4%253D&asb2=DoDP0XdMCx-d3Aj8n-NZlJWhWUaTewexBMtbNtEtxitXxu2GkqAdPOUoZ2eBO9YbbIwcCbsDxhfBqxaoiI6Wag&avtc=1&avte=4&avts=1734856499&keywords=%D0%90%D0%BC%D0%BE%D1%80%D1%82%D0%B8%D0%B7%D0%B0%D1%82%D0%BE%D1%80%D1%8B+%D0%B0%D0%BB%D1%8E%D0%BC%D0%B8%D0%BD%D0%B8%D0%B5%D0%B2%D1%8B%D0%B5+%D0%B4%D0%BB%D1%8F+Remo+Hobby,525 ₽,489 ₽,5,25,4,847492086,Машинка радиоуправляемая,,,Россия,,,,,
88,"Задние амортизаторы повышенной прочности, 2шт., алюминий",https://www.ozon.ru/product/zadnie-amortizatory-povyshennoy-prochnosti-2sht-alyuminiy-583304525/?asb=x74xH2rrrCeX1RE%252F%252BHGfxoeEsq6Pu9ovHCaEuIpp%252BdQ%253D&asb2=9AHFRxpRJ1qF96jtoAQrDASEdlHg1P5GJQp9-PN4fLP5-M9Nzy_clPCfeWYftDjduk-uTL-9DRl4rFerAIdkQg&avtc=1&avte=4&avts=1734856540&keywords=%D0%90%D0%BC%D0%BE%D1%80%D1%82%D0%B8%D0%B7%D0%B0%D1%82%D0%BE%D1%80%D1%8B+%D0%B0%D0%BB%D1%8E%D0%BC%D0%B8%D0%BD%D0%B8%D0%B5%D0%B2%D1%8B%D0%B5+%D0%B4%D0%BB%D1%8F+Remo+Hobby,1 567 ₽,1 460 ₽,,,,583304525,Запчасть для радиоуправляемых моделей,,,,,,,,
89,"Амортизаторы алюминиевые красные для Remo Hobby 1/16, Smax, S-Evor, Rocket, Dingo, P6955",https://www.ozon.ru/product/amortizatory-alyuminievye-krasnye-dlya-remo-hobby-1-16-smax-s-evor-rocket-dingo-p6955-844157595/?asb=MOSe5TtKAW06puy1R08PDLScVtIFEzNYMsoTpQBwwfo%253D&asb2=35hOz2ZM0mdP--pTpzdXWQCu52Mcac4SxXA9Hq8-bHBxYy-qwre9LA8rB5TWDzmK4XOI_2qofJlNMAEd7jCARQ&avtc=1&avte=4&avts=1734856507&keywords=%D0%90%D0%BC%D0%BE%D1%80%D1%82%D0%B8%D0%B7%D0%B0%D1%82%D0%BE%D1%80%D1%8B+%D0%B0%D0%BB%D1%8E%D0%BC%D0%B8%D0%BD%D0%B8%D0%B5%D0%B2%D1%8B%D0%B5+%D0%B4%D0%BB%D1%8F+Remo+Hobby,757 ₽,705 ₽,4.8,75,12,844157595,Запчасть для радиоуправляемых моделей,,Красный,Россия,,,,,
90,"Алюминиевая ступица колеса задняя для моделей 1/8 Remo Hobby A2043, 2шт",https://www.ozon.ru/product/alyuminievaya-stupitsa-kolesa-zadnyaya-dlya-modeley-1-8-remo-hobby-a2043-2sht-771258226/?asb=%252FQI9CbpKrPSEWUkVTyoODDuCyHdm55zA23fR%252BWmMpmw%253D&asb2=ckAnGqBmEE6r0BKQJT6XRfrjHE52XcbcTpvELCz-kHd1IIT3sg9HOQAleLc_0yybYsWK5O4-aoAAnHOueoOcNg&avtc=1&avte=4&avts=1734856546&keywords=%D0%90%D0%BC%D0%BE%D1%80%D1%82%D0%B8%D0%B7%D0%B0%D1%82%D0%BE%D1%80%D1%8B+%D0%B0%D0%BB%D1%8E%D0%BC%D0%B8%D0%BD%D0%B8%D0%B5%D0%B2%D1%8B%D0%B5+%D0%B4%D0%BB%D1%8F+Remo+Hobby,2 590 ₽,2 413 ₽,,,,771258226,Запчасть для радиоуправляемых моделей,,Красный,Китай,,,,,
91,"Амортизаторы задние алюминиевые красные для Remo Hobby 1/10 (Mmax, EX3)",https://www.ozon.ru/product/amortizatory-zadnie-alyuminievye-krasnye-dlya-remo-hobby-1-10-mmax-ex3-880535430/?asb=4oIMv3t6VbjZQ6PJe61K7SlnLBYARDgirYfi28AzuU0%253D&asb2=ZVNSWLXcPwzXAMvzlrCNh0jVxQ0Td0NTZW1-_3WJSni8ubruoMTMYz4Y-G7qeGZ9BQvPF_fq0pJyRfT_aMfpbg&avtc=1&avte=4&avts=1734856515&keywords=%D0%90%D0%BC%D0%BE%D1%80%D1%82%D0%B8%D0%B7%D0%B0%D1%82%D0%BE%D1%80%D1%8B+%D0%B0%D0%BB%D1%8E%D0%BC%D0%B8%D0%BD%D0%B8%D0%B5%D0%B2%D1%8B%D0%B5+%D0%B4%D0%BB%D1%8F+Remo+Hobby,852 ₽,802 ₽,4.7,24,4,880535430,Запчасть для радиоуправляемых моделей,M1952-Red,Красный,,,,,,
92,Пластина усиления стойки амортизаторов для моделей REMO HOBBY 1/16 Remo Hobby A2504PRO,https://www.ozon.ru/product/plastina-usileniya-stoyki-amortizatorov-dlya-modeley-remo-hobby-1-16-remo-hobby-a2504pro-429802958/?asb=o5rOA4a7ROMCebyhn6Lq8YKnnY9oBMDYVrvukwvhiUQ%253D&asb2=UPpvqEsG8rGkDolPsCv0434Zc7xVSCdxDcryZ9_aGd_pS-evGaNclX7KxFojDDkPgiOr0DbDbsexDbgWZd2EXw&avtc=1&avte=4&avts=1734856502&keywords=%D0%90%D0%BC%D0%BE%D1%80%D1%82%D0%B8%D0%B7%D0%B0%D1%82%D0%BE%D1%80%D1%8B+%D0%B0%D0%BB%D1%8E%D0%BC%D0%B8%D0%BD%D0%B8%D0%B5%D0%B2%D1%8B%D0%B5+%D0%B4%D0%BB%D1%8F+Remo+Hobby,424 ₽,416 ₽,4.5,4,,429802958,Запчасть для радиоуправляемых моделей,,,,,,,,
93,Алюминиевая стойка крепления амортизаторов задняя для Remo Hobby 1/8,https://www.ozon.ru/product/alyuminievaya-stoyka-krepleniya-amortizatorov-zadnyaya-dlya-remo-hobby-1-8-844382410/?asb=brWOWseajjBRRi2g8ehbksRVF6GWT0x8GVTFK31d12A%253D&asb2=342r0s1J3RBZMp-aYEKDnPjr9xVM2jEzeGOjHhfL1jEKKmYROgGDeY2Icd6dIpuUJUj8GSneIQrYlbFZ5YQP5w&avtc=1&avte=4&avts=1734856546&keywords=%D0%90%D0%BC%D0%BE%D1%80%D1%82%D0%B8%D0%B7%D0%B0%D1%82%D0%BE%D1%80%D1%8B+%D0%B0%D0%BB%D1%8E%D0%BC%D0%B8%D0%BD%D0%B8%D0%B5%D0%B2%D1%8B%D0%B5+%D0%B4%D0%BB%D1%8F+Remo+Hobby,3 424 ₽,3 249 ₽,,,,844382410,Запчасть для радиоуправляемых моделей,,,,,,,,
94,A3962 P3962 Алюминиевые задние амортизаторы для Remo Hobby 1/8,https://www.ozon.ru/product/a3962-p3962-alyuminievye-zadnie-amortizatory-dlya-remo-hobby-1-8-1394685100/?asb=%252FzwUE3ogYHCuT6ORQQEWtgnzHzjYgYxdwCrwU%252Bi1T2k%253D&asb2=ZaJ08yR0wz4hftknwIGaWWyh21s6UOyhb1DLKyRz6zoquiCxfhzFrz_Hqys0X5-4WNkyxccrpqglpMXcqSFDww&avtc=1&avte=4&avts=1734856519&keywords=%D0%90%D0%BC%D0%BE%D1%80%D1%82%D0%B8%D0%B7%D0%B0%D1%82%D0%BE%D1%80%D1%8B+%D0%B0%D0%BB%D1%8E%D0%BC%D0%B8%D0%BD%D0%B8%D0%B5%D0%B2%D1%8B%D0%B5+%D0%B4%D0%BB%D1%8F+Remo+Hobby,1 474 ₽,1 373 ₽,4,1,,1394685100,Игрушка радиоуправляемая,,,,,,,,
95,"Стойка амортизаторов передняя алюминиевая для Remo Hobby 1/8 (9emu, Dinosaurs, Evo-R)",https://www.ozon.ru/product/stoyka-amortizatorov-perednyaya-alyuminievaya-dlya-remo-hobby-1-8-9emu-dinosaurs-evo-r-979804722/?asb=UQXcXRaGp%252FZ1n6ShyTqCXajaxNJksEhMLTeizmZOT4o%253D&asb2=9lno-B0dHh6F1X4KKCKuxYwZCpBSqpwbxiCx-l_2gvfr4VTZg-xRWenZS8-SggFSQRTgurF3x1tlZy_fG-0pgg&avtc=1&avte=4&avts=1734856515&keywords=%D0%90%D0%BC%D0%BE%D1%80%D1%82%D0%B8%D0%B7%D0%B0%D1%82%D0%BE%D1%80%D1%8B+%D0%B0%D0%BB%D1%8E%D0%BC%D0%B8%D0%BD%D0%B8%D0%B5%D0%B2%D1%8B%D0%B5+%D0%B4%D0%BB%D1%8F+Remo+Hobby,1 345 ₽,1 272 ₽,5,1,3,979804722,Запчасть для радиоуправляемых моделей,A2023-Blue,Синий,,,,,,
96,"Задние амортизаторы для Remo Hobby MMAX, EX3 1/10, алюминий, синие",https://www.ozon.ru/product/zadnie-amortizatory-dlya-remo-hobby-mmax-ex3-1-10-alyuminiy-sinie-583304563/?asb=TvNnhBW1fWUPmPn%252B52RJnMF6GCDi69c2%252FC2SoB%252BXEis%253D&asb2=Vbhj9FDCAox8-X1csmSUJn_Eh06TN7FcFFtrpPQ1eZZsArjWgXcTn2m8_se6Sb15N92-ejaP3PaoAhPmDHHzLA&avtc=1&avte=4&avts=1734856529&keywords=%D0%90%D0%BC%D0%BE%D1%80%D1%82%D0%B8%D0%B7%D0%B0%D1%82%D0%BE%D1%80%D1%8B+%D0%B0%D0%BB%D1%8E%D0%BC%D0%B8%D0%BD%D0%B8%D0%B5%D0%B2%D1%8B%D0%B5+%D0%B4%D0%BB%D1%8F+Remo+Hobby,2 675 ₽,,5,1,2,583304563,Запчасть для радиоуправляемых моделей,,,,,,,,
97,Стойка крепления задних амортизаторов для багги 1/8,https://www.ozon.ru/product/stoyka-krepleniya-zadnih-amortizatorov-dlya-baggi-1-8-1222996747/?asb=6hXtYEUDXkFblua7gzEL4kQE0FoHL701wSJdTNFsUgg%253D&asb2=NhwOtE4CR943DogLubLOR_8663SrwzpvK_fwtiJN73MtJthAO1e-AVVT22z-hvTZpETDone9Z5z2LQJwmCTtFw&avtc=1&avte=4&avts=1734856554&keywords=%D0%90%D0%BC%D0%BE%D1%80%D1%82%D0%B8%D0%B7%D0%B0%D1%82%D0%BE%D1%80%D1%8B+%D0%B0%D0%BB%D1%8E%D0%BC%D0%B8%D0%BD%D0%B8%D0%B5%D0%B2%D1%8B%D0%B5+%D0%B4%D0%BB%D1%8F+Remo+Hobby,752 ₽,700 ₽,,,,1222996747,Запчасть для радиоуправляемых моделей,,,,,,,,
98,"Амортизаторы алюминиевые синие для Remo Hobby 1/16 (Smax, S-Evor, Rocket, Dingo)",https://www.ozon.ru/product/amortizatory-alyuminievye-sinie-dlya-remo-hobby-1-16-smax-s-evor-rocket-dingo-880534926/?asb=xgdQUwOgod1b4QLIf92TS%252BEmQDO4IKey%252FS8S%252Bbo49EY%253D&asb2=drBPxNdenNxUaP9XzBcQwF910_cEwV04BFle8fNsZyPyvx9M5YguOXy8pLlri09-QSazgtdKNicXtCHG0Zq2dg&avtc=1&avte=4&avts=1734856502&keywords=%D0%90%D0%BC%D0%BE%D1%80%D1%82%D0%B8%D0%B7%D0%B0%D1%82%D0%BE%D1%80%D1%8B+%D0%B0%D0%BB%D1%8E%D0%BC%D0%B8%D0%BD%D0%B8%D0%B5%D0%B2%D1%8B%D0%B5+%D0%B4%D0%BB%D1%8F+Remo+Hobby,803 ₽,756 ₽,4.8,159,29,880534926,Запчасть для радиоуправляемых моделей,A6955-Blue,Синий,,,,,,
99,"Амортизаторы передней оси задние для Монстра 1/8, 2шт., алюминий Remo Hobby A3962",https://www.ozon.ru/product/amortizatory-peredney-osi-zadnie-dlya-monstra-1-8-2sht-alyuminiy-remo-hobby-a3962-429824874/?asb=INCt%252FBUIw7eWo9csbLSC2CU4oraLYCrcwFlaZc5WqXg%253D&asb2=79QmDwsUjE-bnMay-zbBPSvdULwxiPMPK11GFg9wr5gt3RbdIJlgXT8qWJZUnQiLApWKKqZEQ_YwvZI-YsRsMA&avtc=1&avte=4&avts=1734856540&keywords=%D0%90%D0%BC%D0%BE%D1%80%D1%82%D0%B8%D0%B7%D0%B0%D1%82%D0%BE%D1%80%D1%8B+%D0%B0%D0%BB%D1%8E%D0%BC%D0%B8%D0%BD%D0%B8%D0%B5%D0%B2%D1%8B%D0%B5+%D0%B4%D0%BB%D1%8F+Remo+Hobby,1 903 ₽,1 785 ₽,,,,429824874,Запчасть для радиоуправляемых моделей,,,,,,,,
